ResourceID,brocade.id,card,order,source_field,source_code,Annotation,Annotation Language,Annotation Type
c285eabe-bdd8-5fa8-be09-e0d2398c5947,tg:mpmph:31,e73_AnnotationsImmaterial,1,note.mpmalg,"<p>Microfilm</p>
","<p>Microfilm</p>
",Nederlands,remarks
c285eabe-bdd8-5fa8-be09-e0d2398c5947,tg:mpmph:31,e73_AnnotationsImmaterial,2,note.mpmalg,"<p>Bewaarplaats origineel: Archivio di Stato Firenze - Misc. Med. Stamp. Orient. No 2</p>
","<p>Bewaarplaats origineel: Archivio di Stato Firenze - Misc. Med. Stamp. Orient. No 2</p>
",Nederlands,remarks
32b561ba-598d-5dbe-9489-35948ec95d3c,tg:mpmph:21,e73_AnnotationsImmaterial,1,note.mpmalg,"<p>Microfilm</p>
","<p>Microfilm</p>
",Nederlands,remarks
32b561ba-598d-5dbe-9489-35948ec95d3c,tg:mpmph:21,e73_AnnotationsImmaterial,2,note.mpmalg,"<p>Bewaarplaats origineel: Biblioteca Apostolica Vaticana - RG.Oriente IV 112(3)</p>
","<p>Bewaarplaats origineel: Biblioteca Apostolica Vaticana - RG.Oriente IV 112(3)</p>
",Nederlands,remarks
037115d1-f4fd-5466-9669-a426c185e2ac,tg:mpmph:88,e73_AnnotationsImmaterial,1,note.mpmalg,"<p>Bewaarplaats origineel: Museum Enschedé - 1598</p>
","<p>Bewaarplaats origineel: Museum Enschedé - 1598</p>
",Nederlands,remarks
020d937c-b7b1-5ae0-9241-74fd925008ba,tg:mpmph:98,e73_AnnotationsImmaterial,1,note.mpmalg,"<p>Bewaarplaats origineel: Universiteitsbibliotheek Leiden 20651 D 51</p>
","<p>Bewaarplaats origineel: Universiteitsbibliotheek Leiden 20651 D 51</p>
",Nederlands,remarks
e272703b-d5a8-58f6-99cc-7b327f7488d7,tg:mpmph:108,e73_AnnotationsImmaterial,1,note.mpmalg,"<p>Bewaarplaats origineel: Universiteitsbibliotheek Amsterdam - O 96-17 of KW 3107 B 26</p>
","<p>Bewaarplaats origineel: Universiteitsbibliotheek Amsterdam - O 96-17 of KW 3107 B 26</p>
",Nederlands,remarks
48a416aa-fd0c-5b4d-88b8-8491c78d09c4,tg:mpmph:53,e73_AnnotationsImmaterial,1,note.mpmalg,"<p>Microfilm</p>
","<p>Microfilm</p>
",Nederlands,remarks
48a416aa-fd0c-5b4d-88b8-8491c78d09c4,tg:mpmph:53,e73_AnnotationsImmaterial,2,note.mpmalg,"<p>Bewaarplaats origineel: Biblioteca Apostolica Vaticana - Epigrafia folio 6</p>
","<p>Bewaarplaats origineel: Biblioteca Apostolica Vaticana - Epigrafia folio 6</p>
",Nederlands,remarks
7bdeae05-9a01-5c7a-baba-17b7d04d3200,tg:mpmph:43,e73_AnnotationsImmaterial,1,note.mpmalg,"<p>Microfilm</p>
","<p>Microfilm</p>
",Nederlands,remarks
7bdeae05-9a01-5c7a-baba-17b7d04d3200,tg:mpmph:43,e73_AnnotationsImmaterial,2,note.mpmalg,"<p>Bewaarplaats origineel: Archives nationales: centre historique de Paris</p>
<ol>
<li>ET VIII 60</li>
<li>ET XI 35</li>
<li>ET LXXIII 8</li>
<li>ET LXXIII 9</li>
<li>ET LXXIII 11</li>
<li>ET LXXIII 16</li>
<li>ET LXXIII 17</li>
<li>ET LXXIII 21</li>
<li>ET LXXIII 50</li>
<li>ET CX 15</li>
<li>ET CX 16</li>
<li>ET CXXII 128</li>
</ol>
","<p>Bewaarplaats origineel: Archives nationales: centre historique de Paris</p>
<ol>
<li>ET VIII 60</li>
<li>ET XI 35</li>
<li>ET LXXIII 8</li>
<li>ET LXXIII 9</li>
<li>ET LXXIII 11</li>
<li>ET LXXIII 16</li>
<li>ET LXXIII 17</li>
<li>ET LXXIII 21</li>
<li>ET LXXIII 50</li>
<li>ET CX 15</li>
<li>ET CX 16</li>
<li>ET CXXII 128</li>
</ol>
",Nederlands,remarks
7bdeae05-9a01-5c7a-baba-17b7d04d3200,tg:mpmph:43,e73_AnnotationsImmaterial,3,note.mpmalg,"<p>Vermeld op de originele verpakking van de microfilm: Paris, Minutier Central (Parent, 1974, 72-74)</p>
","<p>Vermeld op de originele verpakking van de microfilm: Paris, Minutier Central (Parent, 1974, 72-74)</p>
",Nederlands,remarks
cf10feed-9f60-5d97-9a97-6f221a03c746,tg:mpmph:101,e73_AnnotationsImmaterial,1,note.mpmalg,"<p>Bewaarplaats origineel: KBB - VH 8949 A <br />
KBB is niet de Koninklijke Bibliotheek van België of van Nederland</p>
","<p>Bewaarplaats origineel: KBB - VH 8949 A <br />
KBB is niet de Koninklijke Bibliotheek van België of van Nederland</p>
",Nederlands,remarks
69b8e859-4eb7-5bdb-ba34-76e65b9a26a3,tg:mpmph:28,e73_AnnotationsImmaterial,1,note.mpmalg,"<p>Microfilm</p>
","<p>Microfilm</p>
",Nederlands,remarks
69b8e859-4eb7-5bdb-ba34-76e65b9a26a3,tg:mpmph:28,e73_AnnotationsImmaterial,2,note.mpmalg,"<p>Bewaarplaats origineel: Biblioteca Medicea Laurenziana Firenze</p>
","<p>Bewaarplaats origineel: Biblioteca Medicea Laurenziana Firenze</p>
",Nederlands,remarks
1f65494d-9c65-535d-bcb1-a04cf80de46f,tg:mpmph:38,e73_AnnotationsImmaterial,1,note.mpmalg,"<p>Meerdere microfilms op één spoel</p>
","<p>Meerdere microfilms op één spoel</p>
",Nederlands,remarks
b2b20816-1148-5965-89d9-95c6cfe2d0ab,tg:mpmph:91,e73_AnnotationsImmaterial,1,note.mpmalg,"<p>Bewaarplaats origineel: Museum Enschedé - 1247</p>
","<p>Bewaarplaats origineel: Museum Enschedé - 1247</p>
",Nederlands,remarks
05915d97-808a-5322-ab95-3721b82d4af5,tg:mpmph:81,e73_AnnotationsImmaterial,1,note.mpmalg,"<p>Bewaarplaats origineel: Universiteit van Amsterdam - OTM: 096-49 (1)</p>
","<p>Bewaarplaats origineel: Universiteit van Amsterdam - OTM: 096-49 (1)</p>
",Nederlands,remarks
12f6e1a1-833b-5a83-84fa-b7faf7a7386e,tg:mpmph:75,e73_AnnotationsImmaterial,1,note.mpmalg,"<p>Bewaarplaats origineel: KBR</p>
<ol>
<li>[ms. III 1483 / 31]</li>
<li>[ms. III 1483 / 31bis]</li>
<li>[ms. III 1483 / 29]</li>
<li>[ms. III 1483 / 40]</li>
<li>nvt</li>
<li>nvt</li>
<li>[ms. III 1483 / 62]</li>
<li>[ms. III 1483 / 150]</li>
<li>nvt</li>
<li>[ms. III 1483 / 1]</li>
<li>[ms. III 1483 / 1c]</li>
<li>[ms. III 1483 / 38]</li>
<li>[ms. III 1483 / 1b]</li>
</ol>
","<p>Bewaarplaats origineel: KBR</p>
<ol>
<li>[ms. III 1483 / 31]</li>
<li>[ms. III 1483 / 31bis]</li>
<li>[ms. III 1483 / 29]</li>
<li>[ms. III 1483 / 40]</li>
<li>nvt</li>
<li>nvt</li>
<li>[ms. III 1483 / 62]</li>
<li>[ms. III 1483 / 150]</li>
<li>nvt</li>
<li>[ms. III 1483 / 1]</li>
<li>[ms. III 1483 / 1c]</li>
<li>[ms. III 1483 / 38]</li>
<li>[ms. III 1483 / 1b]</li>
</ol>
",Nederlands,remarks
c6ce51c0-0db0-5a1f-9fb7-361349dd4840,tg:mpmph:65,e73_AnnotationsImmaterial,1,note.mpmalg,"<p>Bewaarplaats origineel: Museum Plantin-Moretus</p>
<ol>
<li>R 63.8 1:81 [Fol Var II, 113 bis]</li>
<li>R 63.8 2:66 [Fol Var II, 94]</li>
<li>[Fol Var II, 123]</li>
</ol>
","<p>Bewaarplaats origineel: Museum Plantin-Moretus</p>
<ol>
<li>R 63.8 1:81 [Fol Var II, 113 bis]</li>
<li>R 63.8 2:66 [Fol Var II, 94]</li>
<li>[Fol Var II, 123]</li>
</ol>
",Nederlands,remarks
c6ce51c0-0db0-5a1f-9fb7-361349dd4840,tg:mpmph:65,e73_AnnotationsImmaterial,2,note.mpmalg,"<p>6 fotopositieven en 3 fotonegatieven</p>
","<p>6 fotopositieven en 3 fotonegatieven</p>
",Nederlands,remarks
f022dc4f-36b1-5a66-80aa-9944797a9e37,tg:mpmph:100,e73_AnnotationsImmaterial,1,note.mpmalg,"<p>Bewaarplaats origineel: Museum Plantin-Moretus - A 387</p>
","<p>Bewaarplaats origineel: Museum Plantin-Moretus - A 387</p>
",Nederlands,remarks
b4182975-61f9-5203-a727-dd5c0ad07f18,tg:mpmph:110,e73_AnnotationsImmaterial,1,note.mpmalg,"<p>Bewaarplaats origineel: Museum Plantin-Moretus - B 3491</p>
","<p>Bewaarplaats origineel: Museum Plantin-Moretus - B 3491</p>
",Nederlands,remarks
742c8708-ac9b-5dd4-aed5-96cfafdf58d6,tg:mpmph:90,e73_AnnotationsImmaterial,1,note.mpmalg,"<p>Bewaarplaats origineel: Museum Enschedé - 1597</p>
","<p>Bewaarplaats origineel: Museum Enschedé - 1597</p>
",Nederlands,remarks
ca1cf717-87de-593d-879d-bbc322cc0af3,tg:mpmph:39,e73_AnnotationsImmaterial,1,note.mpmalg,"<p>Meerdere microfilms op één spoel</p>
","<p>Meerdere microfilms op één spoel</p>
",Nederlands,remarks
98ede7e9-04cf-5572-9050-3c38ff08333c,tg:mpmph:29,e73_AnnotationsImmaterial,1,note.mpmalg,"<p>Microfilm</p>
","<p>Microfilm</p>
",Nederlands,remarks
98ede7e9-04cf-5572-9050-3c38ff08333c,tg:mpmph:29,e73_AnnotationsImmaterial,2,note.mpmalg,"<p>(f. 111ar; 173r, 173ar); K17</p>
","<p>(f. 111ar; 173r, 173ar); K17</p>
",Nederlands,remarks
9ec5ab15-587a-5306-91c2-1fec1c22f42b,tg:mpmph:64,e73_AnnotationsImmaterial,1,note.mpmalg,"<p>Bewaarplaats origineel: Museum Plantin-Moretus [Fol Var II, 103-104]</p>
","<p>Bewaarplaats origineel: Museum Plantin-Moretus [Fol Var II, 103-104]</p>
",Nederlands,remarks
9ec5ab15-587a-5306-91c2-1fec1c22f42b,tg:mpmph:64,e73_AnnotationsImmaterial,2,note.mpmalg,"<p>2 fotopositieven en 1 fotonegatief</p>
","<p>2 fotopositieven en 1 fotonegatief</p>
",Nederlands,remarks
46878d5c-014a-56a9-a7f8-35748ffb9d8a,tg:mpmph:74,e73_AnnotationsImmaterial,1,note.mpmalg,"<p>21 fotopositieven en 1 papieren kaartje</p>
","<p>21 fotopositieven en 1 papieren kaartje</p>
",Nederlands,remarks
46878d5c-014a-56a9-a7f8-35748ffb9d8a,tg:mpmph:74,e73_AnnotationsImmaterial,2,note.mpmalg,"<p>Bewaarplaats origineel: KBR</p>
<ol>
<li>[ms. III 1483 / 31]</li>
<li>[ms. III 1483 / 31bis]</li>
<li>[ms. III 1483 / 29]</li>
<li>[ms. III 1483 / 40]</li>
<li>nvt</li>
<li>nvt</li>
<li>[ms. III 1483 / 62]</li>
<li>[ms. III 1483 / 150]</li>
<li>nvt</li>
</ol>
","<p>Bewaarplaats origineel: KBR</p>
<ol>
<li>[ms. III 1483 / 31]</li>
<li>[ms. III 1483 / 31bis]</li>
<li>[ms. III 1483 / 29]</li>
<li>[ms. III 1483 / 40]</li>
<li>nvt</li>
<li>nvt</li>
<li>[ms. III 1483 / 62]</li>
<li>[ms. III 1483 / 150]</li>
<li>nvt</li>
</ol>
",Nederlands,remarks
136b5024-824a-5852-aade-a50bef89e1b1,tg:mpmph:89,e73_AnnotationsImmaterial,1,note.mpmalg,"<p>Bewaarplaats origineel: Museum Plantin-Moretus - BM 30.105</p>
","<p>Bewaarplaats origineel: Museum Plantin-Moretus - BM 30.105</p>
",Nederlands,remarks
81aaae21-7028-5bcd-9dbb-dbccaa22064f,tg:mpmph:20,e73_AnnotationsImmaterial,1,note.mpmalg,"<p>Microfilm</p>
","<p>Microfilm</p>
",Nederlands,remarks
81aaae21-7028-5bcd-9dbb-dbccaa22064f,tg:mpmph:20,e73_AnnotationsImmaterial,2,note.mpmalg,"<p>Bewaarplaats origineel: Biblioteca Apostolica Vaticana - Stamp Chigi IV 1029</p>
","<p>Bewaarplaats origineel: Biblioteca Apostolica Vaticana - Stamp Chigi IV 1029</p>
",Nederlands,remarks
446ac2b9-2e36-563c-9e73-2d747408702a,tg:mpmph:30,e73_AnnotationsImmaterial,1,note.mpmalg,"<p>Microfilm</p>
","<p>Microfilm</p>
",Nederlands,remarks
ad8368fa-2ee2-55e7-b70e-b62a812b56ae,tg:mpmph:42,e73_AnnotationsImmaterial,1,note.mpmalg,"<p>Microfilm</p>
","<p>Microfilm</p>
",Nederlands,remarks
ad8368fa-2ee2-55e7-b70e-b62a812b56ae,tg:mpmph:42,e73_AnnotationsImmaterial,2,note.mpmalg,"<p>Bewaarplaats origineel: Archives nationales: centre historique de Paris</p>
<ol>
<li>ET XXXII 32</li>
<li>ET XXXII 34</li>
<li>ET XXXII 36</li>
<li>ET CXXII 1410</li>
<li>ET CXXII 1456</li>
</ol>
","<p>Bewaarplaats origineel: Archives nationales: centre historique de Paris</p>
<ol>
<li>ET XXXII 32</li>
<li>ET XXXII 34</li>
<li>ET XXXII 36</li>
<li>ET CXXII 1410</li>
<li>ET CXXII 1456</li>
</ol>
",Nederlands,remarks
22cdd8f7-6cf3-55fe-aa04-5b7efa7b9ff4,tg:mpmph:52,e73_AnnotationsImmaterial,1,note.mpmalg,"<p>Microfilm</p>
","<p>Microfilm</p>
",Nederlands,remarks
22cdd8f7-6cf3-55fe-aa04-5b7efa7b9ff4,tg:mpmph:52,e73_AnnotationsImmaterial,2,note.mpmalg,"<p>Bewaarplaats origineel: Cambridge University Library - M*II.24(E)</p>
","<p>Bewaarplaats origineel: Cambridge University Library - M*II.24(E)</p>
",Nederlands,remarks
22cdd8f7-6cf3-55fe-aa04-5b7efa7b9ff4,tg:mpmph:52,e73_AnnotationsImmaterial,3,note.mpmalg,"<p>STC: 22.856.5</p>
","<p>STC: 22.856.5</p>
",Nederlands,remarks
1616a1ee-ecef-5dc0-a725-4482623bfc55,tg:mpmph:109,e73_AnnotationsImmaterial,1,note.mpmalg,"<p>Bewaarplaats origineel: Museum Plantin-Moretus - BM 30.102</p>
","<p>Bewaarplaats origineel: Museum Plantin-Moretus - BM 30.102</p>
",Nederlands,remarks
4d365fa2-2ad0-53e9-a168-01512accff50,tg:mpmph:92,e73_AnnotationsImmaterial,1,note.mpmalg,"<p>Bewaarplaats origineel: Universiteitsbibliotheek Leiden - 20651 D 50</p>
","<p>Bewaarplaats origineel: Universiteitsbibliotheek Leiden - 20651 D 50</p>
",Nederlands,remarks
c417b291-2b00-5e32-8b8b-dbc7063baecb,tg:mpmph:82,e73_AnnotationsImmaterial,1,note.mpmalg,"<p>Bewaarplaats origineel: Koninklijke Bibliotheek van Nederland - KW 3109 B 23</p>
","<p>Bewaarplaats origineel: Koninklijke Bibliotheek van Nederland - KW 3109 B 23</p>
",Nederlands,remarks
88418fac-2c30-5ae1-b7f8-659da144e16c,tg:mpmph:49,e73_AnnotationsImmaterial,1,note.mpmalg,"<p>Microfilm</p>
","<p>Microfilm</p>
",Nederlands,remarks
88418fac-2c30-5ae1-b7f8-659da144e16c,tg:mpmph:49,e73_AnnotationsImmaterial,2,note.mpmalg,"<p>Bewaarplaats origineel: Universiteitsbibliotheek Gent - BL 2992</p>
","<p>Bewaarplaats origineel: Universiteitsbibliotheek Gent - BL 2992</p>
",Nederlands,remarks
8e67ae5a-ecce-5684-aec6-c266ea6a8d35,tg:mpmph:59,e73_AnnotationsImmaterial,1,note.mpmalg,"<p>Losse microfilms</p>
","<p>Losse microfilms</p>
",Nederlands,remarks
8e67ae5a-ecce-5684-aec6-c266ea6a8d35,tg:mpmph:59,e73_AnnotationsImmaterial,2,note.mpmalg,"<p>Bewaarplaats origineel: Staats- und Universitätsbibliothek Dresden - 36.8° 5815</p>
","<p>Bewaarplaats origineel: Staats- und Universitätsbibliothek Dresden - 36.8° 5815</p>
",Nederlands,remarks
0601325c-d473-5b61-888a-cfab9bd292d6,tg:mpmph:102,e73_AnnotationsImmaterial,1,note.mpmalg,"<p>Bewaarplaats origineel: Universiteit van Amsterdam - OTM: O 96-27</p>
","<p>Bewaarplaats origineel: Universiteit van Amsterdam - OTM: O 96-27</p>
",Nederlands,remarks
dcc9188a-6856-50f7-b147-658bdb097ba6,tg:mpmph:76,e73_AnnotationsImmaterial,1,note.mpmalg,"<p>32 transparanten, 14 papieren bladen en 25 fotonegatieven</p>
","<p>32 transparanten, 14 papieren bladen en 25 fotonegatieven</p>
",Nederlands,remarks
dcc9188a-6856-50f7-b147-658bdb097ba6,tg:mpmph:76,e73_AnnotationsImmaterial,2,note.mpmalg,"<p>Bewaarplaats origineel: Museum Plantin-Moretus</p>
<ol>
<li>A 3811</li>
<li>R 14.15</li>
<li>R 28.9; NK 1803 (MPM?)</li>
<li>TK 542</li>
<li>R 25.20(1)</li>
<li>Arch. VIII, fo. 150</li>
<li>F 16 11 54</li>
<li>R 27.13</li>
<li>R 27.5</li>
<li>H 199987:1 [B 199991]</li>
<li>R 25.202</li>
<li>A 1892</li>
<li>nvt</li>
<li>nvt</li>
<li>nvt</li>
<li>nvt</li>
<li>B 1513</li>
</ol>
","<p>Bewaarplaats origineel: Museum Plantin-Moretus</p>
<ol>
<li>A 3811</li>
<li>R 14.15</li>
<li>R 28.9; NK 1803 (MPM?)</li>
<li>TK 542</li>
<li>R 25.20(1)</li>
<li>Arch. VIII, fo. 150</li>
<li>F 16 11 54</li>
<li>R 27.13</li>
<li>R 27.5</li>
<li>H 199987:1 [B 199991]</li>
<li>R 25.202</li>
<li>A 1892</li>
<li>nvt</li>
<li>nvt</li>
<li>nvt</li>
<li>nvt</li>
<li>B 1513</li>
</ol>
",Nederlands,remarks
446b3528-00c5-567d-b487-16c664daba1b,tg:mpmph:66,e73_AnnotationsImmaterial,1,note.mpmalg,"<p>14 fotopositieven en 11 fotonegatieven</p>
","<p>14 fotopositieven en 11 fotonegatieven</p>
",Nederlands,remarks
446b3528-00c5-567d-b487-16c664daba1b,tg:mpmph:66,e73_AnnotationsImmaterial,2,note.mpmalg,"<p>Bewaarplaats origineel: Museum Plantin-Moretus</p>
<ol>
<li>[Fol Var II, 87]</li>
<li>R 63.8 2:63 en R 63.8 4:90 [Fol Var IX, 110 of IV 110]</li>
<li>R 63.8 2:65</li>
<li>R 63.8 2:64 [Fol Var II, 88]</li>
<li>R 63.8 2:75 en R 63.8 4:88 [Fol Var II, 109]</li>
<li>R 63.8 2:74 [Fol Var II, 108]</li>
</ol>
","<p>Bewaarplaats origineel: Museum Plantin-Moretus</p>
<ol>
<li>[Fol Var II, 87]</li>
<li>R 63.8 2:63 en R 63.8 4:90 [Fol Var IX, 110 of IV 110]</li>
<li>R 63.8 2:65</li>
<li>R 63.8 2:64 [Fol Var II, 88]</li>
<li>R 63.8 2:75 en R 63.8 4:88 [Fol Var II, 109]</li>
<li>R 63.8 2:74 [Fol Var II, 108]</li>
</ol>
",Nederlands,remarks
633eb992-a5fd-5527-a534-d01b12ca13f7,tg:mpmph:50,e73_AnnotationsImmaterial,1,note.mpmalg,"<p>Microfilm</p>
","<p>Microfilm</p>
",Nederlands,remarks
633eb992-a5fd-5527-a534-d01b12ca13f7,tg:mpmph:50,e73_AnnotationsImmaterial,2,note.mpmalg,"<p>Bewaarplaats origineel: Bibliothèque Municipale Grenoble - A.1329</p>
","<p>Bewaarplaats origineel: Bibliothèque Municipale Grenoble - A.1329</p>
",Nederlands,remarks
89a03f1f-a849-54d1-bad7-0b3783be0323,tg:mpmph:40,e73_AnnotationsImmaterial,1,note.mpmalg,"<p>Microfilm</p>
","<p>Microfilm</p>
",Nederlands,remarks
89a03f1f-a849-54d1-bad7-0b3783be0323,tg:mpmph:40,e73_AnnotationsImmaterial,2,note.mpmalg,"<p>Bewaarplaats origineel: Bibliothèque Nationale de France - R.7177</p>
","<p>Bewaarplaats origineel: Bibliothèque Nationale de France - R.7177</p>
",Nederlands,remarks
cf3016fe-7454-52a8-90e3-f1bd64f1d2ee,tg:mpmph:32,e73_AnnotationsImmaterial,1,note.mpmalg,"<p>Microfilm met twee extra briefjes</p>
","<p>Microfilm met twee extra briefjes</p>
",Nederlands,remarks
cf3016fe-7454-52a8-90e3-f1bd64f1d2ee,tg:mpmph:32,e73_AnnotationsImmaterial,2,note.mpmalg,"<p>Bewaarplaats origineel: Biblioteca Apostolica Vaticana</p>
<ol>
<li>R-G-Liturg-V-32</li>
<li>Stamp. Barb.V-XIII-101</li>
<li>R-I-III-209</li>
<li>R-G-Orient-IV-598-(1)</li>
<li>Vat. Lat. 9791</li>
</ol>
","<p>Bewaarplaats origineel: Biblioteca Apostolica Vaticana</p>
<ol>
<li>R-G-Liturg-V-32</li>
<li>Stamp. Barb.V-XIII-101</li>
<li>R-I-III-209</li>
<li>R-G-Orient-IV-598-(1)</li>
<li>Vat. Lat. 9791</li>
</ol>
",Nederlands,remarks
2463587d-8d6e-5386-a2ff-5b722d676cf3,tg:mpmph:22,e73_AnnotationsImmaterial,1,note.mpmalg,"<p>Microfilm</p>
","<p>Microfilm</p>
",Nederlands,remarks
2463587d-8d6e-5386-a2ff-5b722d676cf3,tg:mpmph:22,e73_AnnotationsImmaterial,2,note.mpmalg,"<p>Bewaarplaats origineel: Biblioteca Apostolica Vaticana</p>
<ol>
<li>Stamp. Barb. Y-II-6</li>
<li>Riv. OR. 49.1928 (2)</li>
<li>Cat. Ital. Vat. Gen.4</li>
<li>Stamp. Barb. A-IX-37</li>
<li>Stamp. Barb. D-VIII-47</li>
<li>R.I.V. 1342 (9)</li>
<li>Stamp. Barb. V-XV-99</li>
<li>Stamp. Barb. V-XIII-104-(2)</li>
<li>Racc-Gen-OR-II-114</li>
<li>Z-156-R-75-B-48</li>
<li>R-G-Teol-V-1155(1)</li>
<li>Ris-IV-38(1)</li>
<li>Ris-IV-38(2)</li>
<li>Papi-III-vol.IX</li>
<li>Ital-II-Veneto-2-IV-(2)-(int)-5</li>
<li>Liturg.-C-V-17</li>
</ol>
","<p>Bewaarplaats origineel: Biblioteca Apostolica Vaticana</p>
<ol>
<li>Stamp. Barb. Y-II-6</li>
<li>Riv. OR. 49.1928 (2)</li>
<li>Cat. Ital. Vat. Gen.4</li>
<li>Stamp. Barb. A-IX-37</li>
<li>Stamp. Barb. D-VIII-47</li>
<li>R.I.V. 1342 (9)</li>
<li>Stamp. Barb. V-XV-99</li>
<li>Stamp. Barb. V-XIII-104-(2)</li>
<li>Racc-Gen-OR-II-114</li>
<li>Z-156-R-75-B-48</li>
<li>R-G-Teol-V-1155(1)</li>
<li>Ris-IV-38(1)</li>
<li>Ris-IV-38(2)</li>
<li>Papi-III-vol.IX</li>
<li>Ital-II-Veneto-2-IV-(2)-(int)-5</li>
<li>Liturg.-C-V-17</li>
</ol>
",Nederlands,remarks
eb9f60d8-3e27-5471-a2dd-90e2c3182af8,tg:mpmph:41,e73_AnnotationsImmaterial,1,note.mpmalg,"<p>Microfilm</p>
","<p>Microfilm</p>
",Nederlands,remarks
eb9f60d8-3e27-5471-a2dd-90e2c3182af8,tg:mpmph:41,e73_AnnotationsImmaterial,2,note.mpmalg,"<p>Op oorspronkelijk doosje geschreven: ≠ civ[ilité]; Duchemen [Du Chemin?] 7/6.5; Quarante et neuf psalmes de David, Paris N. du Chemin 1568; ex. Bib G. Thibault (bibliopape lesure rue 94)</p>
","<p>Op oorspronkelijk doosje geschreven: ≠ civ[ilité]; Duchemen [Du Chemin?] 7/6.5; Quarante et neuf psalmes de David, Paris N. du Chemin 1568; ex. Bib G. Thibault (bibliopape lesure rue 94)</p>
",Nederlands,remarks
ce680aee-e5e6-55f0-80d3-6ea99cfa9014,tg:mpmph:51,e73_AnnotationsImmaterial,1,note.mpmalg,"<p>Microfilm</p>
","<p>Microfilm</p>
",Nederlands,remarks
ce680aee-e5e6-55f0-80d3-6ea99cfa9014,tg:mpmph:51,e73_AnnotationsImmaterial,2,note.mpmalg,"<p>Bewaarplaats origineel: Archives nationales: centre historique de Paris</p>
<ol>
<li>ET II 129</li>
<li>ET CXXII 4</li>
</ol>
","<p>Bewaarplaats origineel: Archives nationales: centre historique de Paris</p>
<ol>
<li>ET II 129</li>
<li>ET CXXII 4</li>
</ol>
",Nederlands,remarks
78bb7a61-bdf1-5d4d-b658-8ff864536f1f,tg:mpmph:23,e73_AnnotationsImmaterial,1,note.mpmalg,"<p>Microfilm</p>
","<p>Microfilm</p>
",Nederlands,remarks
78bb7a61-bdf1-5d4d-b658-8ff864536f1f,tg:mpmph:23,e73_AnnotationsImmaterial,2,note.mpmalg,"<p>Afdruk Schedel 1498 (f. 14-53v)</p>
","<p>Afdruk Schedel 1498 (f. 14-53v)</p>
",Nederlands,remarks
78bb7a61-bdf1-5d4d-b658-8ff864536f1f,tg:mpmph:23,e73_AnnotationsImmaterial,3,note.mpmalg,"<p>Bewaarplaats origineel: Bayern Staatsbibliothek - Clm 451</p>
","<p>Bewaarplaats origineel: Bayern Staatsbibliothek - Clm 451</p>
",Nederlands,remarks
8cba6c96-a1d7-539e-afab-09fb50291ff1,tg:mpmph:33,e73_AnnotationsImmaterial,1,note.mpmalg,"<p>Microfilm</p>
","<p>Microfilm</p>
",Nederlands,remarks
8cba6c96-a1d7-539e-afab-09fb50291ff1,tg:mpmph:33,e73_AnnotationsImmaterial,2,note.mpmalg,"<p>Bewaarplaats origineel: Biblioteca Vallicelliana Rome</p>
<ol>
<li>I.I. 158.5</li>
<li>I.I.158.6</li>
<li>I.I.158.7</li>
<li>I.I.158.8</li>
</ol>
","<p>Bewaarplaats origineel: Biblioteca Vallicelliana Rome</p>
<ol>
<li>I.I. 158.5</li>
<li>I.I.158.6</li>
<li>I.I.158.7</li>
<li>I.I.158.8</li>
</ol>
",Nederlands,remarks
a1a62dd7-888c-5852-bc7a-be4f1155f8ad,tg:mpmph:83,e73_AnnotationsImmaterial,1,note.mpmalg,"<p>Bewaarplaats origineel: KBR - VH 8.945 A (LP)</p>
","<p>Bewaarplaats origineel: KBR - VH 8.945 A (LP)</p>
",Nederlands,remarks
ec155823-5b37-5cd0-81b6-32f91ae379ad,tg:mpmph:93,e73_AnnotationsImmaterial,1,note.mpmalg,"<p>Bewaarplaats origineel: Bibliotheek Verenig. Bevordering Boekh.</p>
","<p>Bewaarplaats origineel: Bibliotheek Verenig. Bevordering Boekh.</p>
",Nederlands,remarks
d5c19f67-3719-52d5-9e0f-b7768c9639da,tg:mpmph:103,e73_AnnotationsImmaterial,1,note.mpmalg,"<p>Bewaarplaats origineel: Museum Enschedé - 1576</p>
","<p>Bewaarplaats origineel: Museum Enschedé - 1576</p>
",Nederlands,remarks
2b4d685e-b10d-53a0-805a-ca573233299a,tg:mpmph:58,e73_AnnotationsImmaterial,1,note.mpmalg,"<p>Losse microfilms</p>
","<p>Losse microfilms</p>
",Nederlands,remarks
2b4d685e-b10d-53a0-805a-ca573233299a,tg:mpmph:58,e73_AnnotationsImmaterial,2,note.mpmalg,"<p>Bewaarplaats origineel: Staats- und Universitätsbibliothek Dresden - Biblia 2357</p>
","<p>Bewaarplaats origineel: Staats- und Universitätsbibliothek Dresden - Biblia 2357</p>
",Nederlands,remarks
060fb598-f865-592d-9c41-12499f172880,tg:mpmph:48,e73_AnnotationsImmaterial,1,note.mpmalg,"<p>Microfilm</p>
","<p>Microfilm</p>
",Nederlands,remarks
060fb598-f865-592d-9c41-12499f172880,tg:mpmph:48,e73_AnnotationsImmaterial,2,note.mpmalg,"<p>Bewaarplaats origineel: Bibliothèque National de France - 22.117/8588</p>
","<p>Bewaarplaats origineel: Bibliothèque National de France - 22.117/8588</p>
",Nederlands,remarks
060fb598-f865-592d-9c41-12499f172880,tg:mpmph:48,e73_AnnotationsImmaterial,3,note.mpmalg,"<p>Vermeld op oorspronkelijke verpakking: positieven in bundel Fournier; code 3520</p>
","<p>Vermeld op oorspronkelijke verpakking: positieven in bundel Fournier; code 3520</p>
",Nederlands,remarks
d3c74a90-9b57-55dd-8e93-fdfabc918202,tg:mpmph:67,e73_AnnotationsImmaterial,1,note.mpmalg,"<p>De eerste drie letterproeven hebben dezelfde titel, maar hebben toch een andere inhoud.</p>
","<p>De eerste drie letterproeven hebben dezelfde titel, maar hebben toch een andere inhoud.</p>
",Nederlands,remarks
d3c74a90-9b57-55dd-8e93-fdfabc918202,tg:mpmph:67,e73_AnnotationsImmaterial,2,note.mpmalg,"<p>10 fotopositieven en 5 fotonegatieven</p>
","<p>10 fotopositieven en 5 fotonegatieven</p>
",Nederlands,remarks
d3c74a90-9b57-55dd-8e93-fdfabc918202,tg:mpmph:67,e73_AnnotationsImmaterial,3,note.mpmalg,"<p>Bewaarplaats origineel: Museum Plantin-Moretus</p>
<ol>
<li>R 63.8 2:70 [Fol Var II, 100]</li>
<li>R 63.8 2:69 [Fol Var II, 99]</li>
<li>R 63.8 2:68 [Fol Var II, 98]</li>
<li>R 63.8 2:67 [Fol Var II, 96]</li>
</ol>
","<p>Bewaarplaats origineel: Museum Plantin-Moretus</p>
<ol>
<li>R 63.8 2:70 [Fol Var II, 100]</li>
<li>R 63.8 2:69 [Fol Var II, 99]</li>
<li>R 63.8 2:68 [Fol Var II, 98]</li>
<li>R 63.8 2:67 [Fol Var II, 96]</li>
</ol>
",Nederlands,remarks
5a37fe40-9a79-5043-bafe-b52608510cec,tg:mpmph:77,e73_AnnotationsImmaterial,1,note.mpmalg,"<p>51 fotonegatieven en 1 papieren blaadje</p>
","<p>51 fotonegatieven en 1 papieren blaadje</p>
",Nederlands,remarks
f6735e38-fcf9-526b-a8fd-9c717dd0689f,tg:mpmph:72,e73_AnnotationsImmaterial,1,note.mpmalg,"<p>Bewaarplaats origineel: Biblioteca Apostolica Vaticana</p>
<ol>
<li>R.G. Liturg, I 13</li>
<li>R.G. Liturg, II 4</li>
</ol>
","<p>Bewaarplaats origineel: Biblioteca Apostolica Vaticana</p>
<ol>
<li>R.G. Liturg, I 13</li>
<li>R.G. Liturg, II 4</li>
</ol>
",Nederlands,remarks
ca544464-175e-5f55-a753-ca7a95f2d15f,tg:mpmph:62,e73_AnnotationsImmaterial,1,note.mpmalg,"<p>Bewaarplaats origineel: Archivio fotografico dei Musei Vaticani</p>
<ol>
<li>XXVIII-13-79</li>
<li>XXVIII-13-94</li>
<li>XXVIII-13-121</li>
<li>XXVIII-13-124</li>
<li>XXVIII-13-289</li>
<li>XXVIII-13-310</li>
<li>XXVIII-13-358</li>
<li>XXVIII-13-376</li>
</ol>
","<p>Bewaarplaats origineel: Archivio fotografico dei Musei Vaticani</p>
<ol>
<li>XXVIII-13-79</li>
<li>XXVIII-13-94</li>
<li>XXVIII-13-121</li>
<li>XXVIII-13-124</li>
<li>XXVIII-13-289</li>
<li>XXVIII-13-310</li>
<li>XXVIII-13-358</li>
<li>XXVIII-13-376</li>
</ol>
",Nederlands,remarks
5ca9f8d1-8de9-54c6-b967-9cced4c58b77,tg:mpmph:96,e73_AnnotationsImmaterial,1,note.mpmalg,"<p>Bewaarplaats origineel: Universiteitsbibliotheek Leiden 1207 A 1</p>
","<p>Bewaarplaats origineel: Universiteitsbibliotheek Leiden 1207 A 1</p>
",Nederlands,remarks
91de6a95-e16d-528e-b083-0aa0ec667874,tg:mpmph:86,e73_AnnotationsImmaterial,1,note.mpmalg,"<p>Bewaarplaats origineel: Museum Enschedé - 973</p>
","<p>Bewaarplaats origineel: Museum Enschedé - 973</p>
",Nederlands,remarks
d4acb776-c4b3-5fbe-afd9-fcdf48785a6a,tg:mpmph:106,e73_AnnotationsImmaterial,1,note.mpmalg,"<p>Bewaarplaats origineel: Universiteit van AMsterdam - OTM: O 96-20, 96-23 t/m 96-25</p>
","<p>Bewaarplaats origineel: Universiteit van AMsterdam - OTM: O 96-20, 96-23 t/m 96-25</p>
",Nederlands,remarks
d4acb776-c4b3-5fbe-afd9-fcdf48785a6a,tg:mpmph:106,e73_AnnotationsImmaterial,2,note.mpmalg,"<p>Fout genummerd door Vervliet, p. 33, 86-87 2x genummerd. Er is nu genummerd van 1-88, maar moet 1-91 zijn</p>
","<p>Fout genummerd door Vervliet, p. 33, 86-87 2x genummerd. Er is nu genummerd van 1-88, maar moet 1-91 zijn</p>
",Nederlands,remarks
e3703fe5-15c2-517f-afc9-62c6281816db,tg:mpmph:54,e73_AnnotationsImmaterial,1,note.mpmalg,"<p>Losse microfilm</p>
","<p>Losse microfilm</p>
",Nederlands,remarks
e3703fe5-15c2-517f-afc9-62c6281816db,tg:mpmph:54,e73_AnnotationsImmaterial,2,note.mpmalg,"<p>Bewaarplaats origineel: Archivio di Stato Firenze - uit collectie Misc. Med. Stamp. Orient.</p>
","<p>Bewaarplaats origineel: Archivio di Stato Firenze - uit collectie Misc. Med. Stamp. Orient.</p>
",Nederlands,remarks
da0d477e-791d-533c-920c-64439f8ca116,tg:mpmph:44,e73_AnnotationsImmaterial,1,note.mpmalg,"<p>Microfilm</p>
","<p>Microfilm</p>
",Nederlands,remarks
da0d477e-791d-533c-920c-64439f8ca116,tg:mpmph:44,e73_AnnotationsImmaterial,2,note.mpmalg,"<p>Bewaarplaats origineel: Bibliothèque Nationale de France - RES-YE-1873</p>
","<p>Bewaarplaats origineel: Bibliothèque Nationale de France - RES-YE-1873</p>
",Nederlands,remarks
ab7ea7c7-fdd6-5872-a84e-1db5fbeae028,tg:mpmph:36,e73_AnnotationsImmaterial,1,note.mpmalg,"<p>Microfilm</p>
","<p>Microfilm</p>
",Nederlands,remarks
7293a118-14f6-5e59-af92-ecc173466317,tg:mpmph:26,e73_AnnotationsImmaterial,1,note.mpmalg,"<p>Microfilm</p>
","<p>Microfilm</p>
",Nederlands,remarks
7293a118-14f6-5e59-af92-ecc173466317,tg:mpmph:26,e73_AnnotationsImmaterial,2,note.mpmalg,"<p>Bewaarplaats origineel: Württembergische Landesbibliothek Stuttgart - [plaatskenmerk niet leesbaar]</p>
","<p>Bewaarplaats origineel: Württembergische Landesbibliothek Stuttgart - [plaatskenmerk niet leesbaar]</p>
",Nederlands,remarks
542a5794-1416-5a8f-a546-f590aaf911d0,tg:mpmph:45,e73_AnnotationsImmaterial,1,note.mpmalg,"<p>Microfilm</p>
","<p>Microfilm</p>
",Nederlands,remarks
542a5794-1416-5a8f-a546-f590aaf911d0,tg:mpmph:45,e73_AnnotationsImmaterial,2,note.mpmalg,"<p>Bewaarplaats origineel: Archives nationales: centre historique de Paris - Y/3374</p>
","<p>Bewaarplaats origineel: Archives nationales: centre historique de Paris - Y/3374</p>
",Nederlands,remarks
49d14bdd-d716-5a18-b3e3-cbefaff52d71,tg:mpmph:55,e73_AnnotationsImmaterial,1,note.mpmalg,"<p>Bewaarplaats origineel: Archivio di Stato Firenze - uit collectie Misc. Med. Stamp. Orient.</p>
","<p>Bewaarplaats origineel: Archivio di Stato Firenze - uit collectie Misc. Med. Stamp. Orient.</p>
",Nederlands,remarks
3833b049-5858-5dce-902c-0b92c54c873c,tg:mpmph:27,e73_AnnotationsImmaterial,1,note.mpmalg,"<p>Microfilm</p>
","<p>Microfilm</p>
",Nederlands,remarks
3833b049-5858-5dce-902c-0b92c54c873c,tg:mpmph:27,e73_AnnotationsImmaterial,2,note.mpmalg,"<p>Bewaarplaats origineel: Archivio di Stato Firenze - Miscell. Medicea. Stamperia Orientale, IV, ins. III-VI</p>
","<p>Bewaarplaats origineel: Archivio di Stato Firenze - Miscell. Medicea. Stamperia Orientale, IV, ins. III-VI</p>
",Nederlands,remarks
e322f4c8-b54e-5bc7-b1a5-82271b976183,tg:mpmph:37,e73_AnnotationsImmaterial,1,note.mpmalg,"<p>Microfilm</p>
","<p>Microfilm</p>
",Nederlands,remarks
e322f4c8-b54e-5bc7-b1a5-82271b976183,tg:mpmph:37,e73_AnnotationsImmaterial,2,note.mpmalg,"<p>Bewaarplaats origineel: Biblioteca Apostolica Vaticana of Bibliothèque Nationale de France</p>
<ol>
<li>R.805.444</li>
<li>R.321.825</li>
<li>R.20080</li>
<li>22.893</li>
<li>101.012</li>
<li>337.840</li>
<li>R.805.432</li>
</ol>
","<p>Bewaarplaats origineel: Biblioteca Apostolica Vaticana of Bibliothèque Nationale de France</p>
<ol>
<li>R.805.444</li>
<li>R.321.825</li>
<li>R.20080</li>
<li>22.893</li>
<li>101.012</li>
<li>337.840</li>
<li>R.805.432</li>
</ol>
",Nederlands,remarks
aff69bb9-ae90-59e5-a7dd-3293d880f3f3,tg:mpmph:63,e73_AnnotationsImmaterial,1,note.mpmalg,"<p>Bewaarplaats origineel: Museum Plantin-Moretus - R 6.8 2:71 [Fol Var II, 102]</p>
","<p>Bewaarplaats origineel: Museum Plantin-Moretus - R 6.8 2:71 [Fol Var II, 102]</p>
",Nederlands,remarks
aff69bb9-ae90-59e5-a7dd-3293d880f3f3,tg:mpmph:63,e73_AnnotationsImmaterial,2,note.mpmalg,"<p>2 fotopositieven en 1 fotonegatief</p>
","<p>2 fotopositieven en 1 fotonegatief</p>
",Nederlands,remarks
90cc73ca-423c-5ad4-9e01-1c4af23a3d45,tg:mpmph:73,e73_AnnotationsImmaterial,1,note.mpmalg,"<p>16 fotonegatieven, 32 papieren versie</p>
","<p>16 fotonegatieven, 32 papieren versie</p>
",Nederlands,remarks
90cc73ca-423c-5ad4-9e01-1c4af23a3d45,tg:mpmph:73,e73_AnnotationsImmaterial,2,note.mpmalg,"<p>Bewaarplaats origineel: Museum Plantin-Moretus R 30.14</p>
","<p>Bewaarplaats origineel: Museum Plantin-Moretus R 30.14</p>
",Nederlands,remarks
e379bea5-acc2-56b7-b925-c86833e5e0f7,tg:mpmph:87,e73_AnnotationsImmaterial,1,note.mpmalg,"<p>Bewaarplaats origineel: Museum Enschedé - 1685-1686</p>
","<p>Bewaarplaats origineel: Museum Enschedé - 1685-1686</p>
",Nederlands,remarks
532f07c7-65a3-5877-b8df-10a360ea13db,tg:mpmph:97,e73_AnnotationsImmaterial,1,note.mpmalg,"<p>Bewaarplaats origineel: Universiteitsbibliotheek Leiden - 20651 F 10:2</p>
","<p>Bewaarplaats origineel: Universiteitsbibliotheek Leiden - 20651 F 10:2</p>
",Nederlands,remarks
f1acf235-9a61-5cf4-b3ee-4201be5ae731,tg:mpmph:107,e73_AnnotationsImmaterial,1,note.mpmalg,"<p>Bewaarplaats origineel: Museum Plantin-Moretus - B 3037</p>
","<p>Bewaarplaats origineel: Museum Plantin-Moretus - B 3037</p>
",Nederlands,remarks
b9175eab-6809-5258-b666-b7d92cbd81f6,tg:mpmph:68,e73_AnnotationsImmaterial,1,note.mpmalg,"<p>10 transparanten en 2 papieren versies</p>
","<p>10 transparanten en 2 papieren versies</p>
",Nederlands,remarks
ebb4dff4-5d75-5bc4-a4ec-68ac9960ebd9,tg:mpmph:35,e73_AnnotationsImmaterial,1,note.mpmalg,"<p>Papieren kopie van microfilm</p>
","<p>Papieren kopie van microfilm</p>
",Nederlands,remarks
ebb4dff4-5d75-5bc4-a4ec-68ac9960ebd9,tg:mpmph:35,e73_AnnotationsImmaterial,2,note.mpmalg,"<p>Bewaarplaats origineel: Bibliothèque Nationale de France</p>
","<p>Bewaarplaats origineel: Bibliothèque Nationale de France</p>
",Nederlands,remarks
c00b0094-8110-5701-b563-b3682d5d9830,tg:mpmph:25,e73_AnnotationsImmaterial,1,note.mpmalg,"<p>Microfilm</p>
","<p>Microfilm</p>
",Nederlands,remarks
c00b0094-8110-5701-b563-b3682d5d9830,tg:mpmph:25,e73_AnnotationsImmaterial,2,note.mpmalg,"<p>Bewaarplaats origineel: Staatsbibliothek Dresden - Tedu I 175</p>
","<p>Bewaarplaats origineel: Staatsbibliothek Dresden - Tedu I 175</p>
",Nederlands,remarks
4a84d2be-78bf-5112-bccf-849985bb9e41,tg:mpmph:57,e73_AnnotationsImmaterial,1,note.mpmalg,"<p>Losse microfilms</p>
","<p>Losse microfilms</p>
",Nederlands,remarks
4a84d2be-78bf-5112-bccf-849985bb9e41,tg:mpmph:57,e73_AnnotationsImmaterial,2,note.mpmalg,"<p>Bewaarplaats origineel: Staats- und Universitätsbibliothek Dresden - Biblia 2359</p>
","<p>Bewaarplaats origineel: Staats- und Universitätsbibliothek Dresden - Biblia 2359</p>
",Nederlands,remarks
be985a73-618d-51f7-8dcd-8c76fd204cb8,tg:mpmph:47,e73_AnnotationsImmaterial,1,note.mpmalg,"<p>Microfilm</p>
","<p>Microfilm</p>
",Nederlands,remarks
be985a73-618d-51f7-8dcd-8c76fd204cb8,tg:mpmph:47,e73_AnnotationsImmaterial,2,note.mpmalg,"<p>Bewaarplaats origineel: Bibliotheek Vadiana in St. Gallen (Zwitserland)</p>
","<p>Bewaarplaats origineel: Bibliotheek Vadiana in St. Gallen (Zwitserland)</p>
",Nederlands,remarks
be985a73-618d-51f7-8dcd-8c76fd204cb8,tg:mpmph:47,e73_AnnotationsImmaterial,3,note.mpmalg,"<p>Vermeld op oorspronkelijke verpakking: [Risne] 1551 22 ; St. Gallen, [Vadiana, tenorat in letterdossiers]</p>
","<p>Vermeld op oorspronkelijke verpakking: [Risne] 1551 22 ; St. Gallen, [Vadiana, tenorat in letterdossiers]</p>
",Nederlands,remarks
b869cf72-6a08-5ca0-9ac7-b8ead7db247b,tg:mpmph:71,e73_AnnotationsImmaterial,1,note.mpmalg,"<p>Bewaarplaats origineel: Museum Plantin-Moretus B 204</p>
","<p>Bewaarplaats origineel: Museum Plantin-Moretus B 204</p>
",Nederlands,remarks
8fd08c50-6813-56e4-9bb9-7acd19caa13d,tg:mpmph:61,e73_AnnotationsImmaterial,1,note.mpmalg,"<p>Speciaal fotopapier</p>
","<p>Speciaal fotopapier</p>
",Nederlands,remarks
39449520-06f0-5e6b-99f2-6e8304614e49,tg:mpmph:105,e73_AnnotationsImmaterial,1,note.mpmalg,"<p>Bewaarplaats origineel: KBR - II 13.981/a A (RP)</p>
","<p>Bewaarplaats origineel: KBR - II 13.981/a A (RP)</p>
",Nederlands,remarks
722b81be-58eb-5ee1-afb2-fd90e1f689e0,tg:mpmph:95,e73_AnnotationsImmaterial,1,note.mpmalg,"<p>Bewaarplaats origineel: Koninklijke Bibliotheek van Nederland - KW 3110 E 39</p>
","<p>Bewaarplaats origineel: Koninklijke Bibliotheek van Nederland - KW 3110 E 39</p>
",Nederlands,remarks
b4a763ce-8d74-5371-8c61-5f1e51af8da7,tg:mpmph:85,e73_AnnotationsImmaterial,1,note.mpmalg,"<p>Bewaarplaats origineel: Universiteitsbibliotheek Amsterdam - O 96-20:1</p>
","<p>Bewaarplaats origineel: Universiteitsbibliotheek Amsterdam - O 96-20:1</p>
",Nederlands,remarks
8aead454-2ce8-5c0b-87eb-221f9edfd0e7,tg:mpmph:60,e73_AnnotationsImmaterial,1,note.mpmalg,"<p>Losse microfilms</p>
","<p>Losse microfilms</p>
",Nederlands,remarks
a2118727-ee17-59e5-8ca7-365fd6cb0e76,tg:mpmph:70,e73_AnnotationsImmaterial,1,note.mpmalg,"<p>1 fotopositief en 1 transparant</p>
","<p>1 fotopositief en 1 transparant</p>
",Nederlands,remarks
163fb131-447e-56b5-90ad-d131f8b511ed,tg:mpmph:104,e73_AnnotationsImmaterial,1,note.mpmalg,"<p>Bewaarplaats origineel: Museum Enschedé - 1557</p>
","<p>Bewaarplaats origineel: Museum Enschedé - 1557</p>
",Nederlands,remarks
0432b71a-5ff1-5f3f-a50a-2ddd4ba64778,tg:mpmph:84,e73_AnnotationsImmaterial,1,note.mpmalg,"<p>Bewaarplaats origineel: KBR - VH 8.941 A (RP)</p>
","<p>Bewaarplaats origineel: KBR - VH 8.941 A (RP)</p>
",Nederlands,remarks
a62d28af-de06-5e81-bafa-e0ad618874e4,tg:mpmph:94,e73_AnnotationsImmaterial,1,note.mpmalg,"<p>Bewaarplaats origineel: Universiteitsbibliotheek Leiden - 20651 F 11:29</p>
","<p>Bewaarplaats origineel: Universiteitsbibliotheek Leiden - 20651 F 11:29</p>
",Nederlands,remarks
f302ed82-628d-5aed-9fff-5b5988d4b907,tg:mpmph:69,e73_AnnotationsImmaterial,1,note.mpmalg,"<p>2 papieren versie, 1 fotopositief, 1 fotonegatief en 1 transparant</p>
","<p>2 papieren versie, 1 fotopositief, 1 fotonegatief en 1 transparant</p>
",Nederlands,remarks
646f1a58-cbb8-5ddb-bfa2-e0caee1a036f,tg:mpmph:24,e73_AnnotationsImmaterial,1,note.mpmalg,"<p>Microfilm</p>
","<p>Microfilm</p>
",Nederlands,remarks
646f1a58-cbb8-5ddb-bfa2-e0caee1a036f,tg:mpmph:24,e73_AnnotationsImmaterial,2,note.mpmalg,"<p>Bewaarplaats origineel: BNU Strasbourg</p>
","<p>Bewaarplaats origineel: BNU Strasbourg</p>
",Nederlands,remarks
9bed1aae-f750-5292-b08d-0a4568e0ffca,tg:mpmph:34,e73_AnnotationsImmaterial,1,note.mpmalg,"<p>Microfilm, beschadigd</p>
","<p>Microfilm, beschadigd</p>
",Nederlands,remarks
9bed1aae-f750-5292-b08d-0a4568e0ffca,tg:mpmph:34,e73_AnnotationsImmaterial,2,note.mpmalg,"<p>Bewaarplaats origineel: Bibliothèque Nationale de France</p>
","<p>Bewaarplaats origineel: Bibliothèque Nationale de France</p>
",Nederlands,remarks
ea9728e0-875d-55d4-ac4b-03c5125b6707,tg:mpmph:46,e73_AnnotationsImmaterial,1,note.mpmalg,"<p>Bewaarplaats origineel: Archives nationales: centre historique de Paris - Y/3374</p>
","<p>Bewaarplaats origineel: Archives nationales: centre historique de Paris - Y/3374</p>
",Nederlands,remarks
028e6a97-ddf1-5311-86ec-ef5b357a7a4b,tg:mpmph:56,e73_AnnotationsImmaterial,1,note.mpmalg,"<p>Losse microfilms</p>
","<p>Losse microfilms</p>
",Nederlands,remarks
028e6a97-ddf1-5311-86ec-ef5b357a7a4b,tg:mpmph:56,e73_AnnotationsImmaterial,2,note.mpmalg,"<p>Bewaarplaats origineel: Staats- und Universitätsbibliothek Dresden - Biblia 2362</p>
","<p>Bewaarplaats origineel: Staats- und Universitätsbibliothek Dresden - Biblia 2362</p>
",Nederlands,remarks
