ResourceID,brocade.id,card,order,source_field,Material Records
c285eabe-bdd8-5fa8-be09-e0d2398c5947,tg:mpmph:31,e73_MaterialRecords,1,materialRecords,"[{""resourceId"": ""001ccf13-ea5e-5182-902a-d87234a810c5"", ""ontologyProperty"": """", ""resourceXresourceId"": ""609c9fc7-61f1-49c1-8b69-5a07789af6ee"", ""inverseOntologyProperty"": """"}]"
32b561ba-598d-5dbe-9489-35948ec95d3c,tg:mpmph:21,e73_MaterialRecords,1,materialRecords,"[{""resourceId"": ""44c64192-38c7-592c-bad7-d324bbe2cc23"", ""ontologyProperty"": """", ""resourceXresourceId"": ""4364743b-b9e2-4bb7-8203-5393d136e867"", ""inverseOntologyProperty"": """"}]"
037115d1-f4fd-5466-9669-a426c185e2ac,tg:mpmph:88,e73_MaterialRecords,1,materialRecords,"[{""resourceId"": ""e34d429a-2a8b-5fe9-a31e-b09e056a56d9"", ""ontologyProperty"": """", ""resourceXresourceId"": ""a2787f9c-db85-4f72-83ff-cedeece17f9c"", ""inverseOntologyProperty"": """"}]"
020d937c-b7b1-5ae0-9241-74fd925008ba,tg:mpmph:98,e73_MaterialRecords,1,materialRecords,"[{""resourceId"": ""fe30a6aa-d431-5847-9e14-02977c4b1be2"", ""ontologyProperty"": """", ""resourceXresourceId"": ""eeb984ac-225e-46de-8bda-ca512c0dce62"", ""inverseOntologyProperty"": """"}]"
e272703b-d5a8-58f6-99cc-7b327f7488d7,tg:mpmph:108,e73_MaterialRecords,1,materialRecords,"[{""resourceId"": ""79b70912-1571-534c-9854-e4a97180a755"", ""ontologyProperty"": """", ""resourceXresourceId"": ""1e46df46-e22d-4e07-bfc2-a4f0c6150669"", ""inverseOntologyProperty"": """"}]"
48a416aa-fd0c-5b4d-88b8-8491c78d09c4,tg:mpmph:53,e73_MaterialRecords,1,materialRecords,"[{""resourceId"": ""9923cae1-3504-5e83-b3e0-c88424cb6e45"", ""ontologyProperty"": """", ""resourceXresourceId"": ""cd1b8024-7df9-4755-9915-22cef3298711"", ""inverseOntologyProperty"": """"}]"
7bdeae05-9a01-5c7a-baba-17b7d04d3200,tg:mpmph:43,e73_MaterialRecords,1,materialRecords,"[{""resourceId"": ""3a2fca02-413e-55d6-9884-53909ae05518"", ""ontologyProperty"": """", ""resourceXresourceId"": ""44ca2dcb-e449-4beb-acb0-f5989e45dab9"", ""inverseOntologyProperty"": """"}]"
cf10feed-9f60-5d97-9a97-6f221a03c746,tg:mpmph:101,e73_MaterialRecords,1,materialRecords,"[{""resourceId"": ""bb226f0f-bd14-5144-838a-8547f916a46c"", ""ontologyProperty"": """", ""resourceXresourceId"": ""f744734e-95e6-49f1-b003-c872e46ca522"", ""inverseOntologyProperty"": """"}]"
69b8e859-4eb7-5bdb-ba34-76e65b9a26a3,tg:mpmph:28,e73_MaterialRecords,1,materialRecords,"[{""resourceId"": ""7c593b11-17ee-5c52-918e-2fc0f2fa9244"", ""ontologyProperty"": """", ""resourceXresourceId"": ""36ed249f-c8cf-4da1-9268-28500c628db7"", ""inverseOntologyProperty"": """"}]"
1f65494d-9c65-535d-bcb1-a04cf80de46f,tg:mpmph:38,e73_MaterialRecords,1,materialRecords,"[{""resourceId"": ""ec05a67f-760c-5f02-a723-d48b9bf3441f"", ""ontologyProperty"": """", ""resourceXresourceId"": ""7419c656-8522-458d-bcf7-fbbb9cf0b1b8"", ""inverseOntologyProperty"": """"}]"
b2b20816-1148-5965-89d9-95c6cfe2d0ab,tg:mpmph:91,e73_MaterialRecords,1,materialRecords,"[{""resourceId"": ""bd89fb79-515d-5c68-91f9-502ff423fd9a"", ""ontologyProperty"": """", ""resourceXresourceId"": ""8e6907a3-f96b-4691-93ab-3783d78d85e5"", ""inverseOntologyProperty"": """"}]"
05915d97-808a-5322-ab95-3721b82d4af5,tg:mpmph:81,e73_MaterialRecords,1,materialRecords,"[{""resourceId"": ""df382509-0db8-5e99-837f-966fcbc3e743"", ""ontologyProperty"": """", ""resourceXresourceId"": ""3e0f6ec7-6a3b-4e02-9a93-9a39bb489859"", ""inverseOntologyProperty"": """"}]"
12f6e1a1-833b-5a83-84fa-b7faf7a7386e,tg:mpmph:75,e73_MaterialRecords,1,materialRecords,"[{""resourceId"": ""7ba7b2c9-768c-5148-98cd-5b5669f97f16"", ""ontologyProperty"": """", ""resourceXresourceId"": ""420ad014-677e-4db9-a26b-69e47c3a553f"", ""inverseOntologyProperty"": """"}]"
c6ce51c0-0db0-5a1f-9fb7-361349dd4840,tg:mpmph:65,e73_MaterialRecords,1,materialRecords,"[{""resourceId"": ""2c9fb700-6b31-54c6-a149-fb65a510cc6f"", ""ontologyProperty"": """", ""resourceXresourceId"": ""b3cfee88-c682-4c92-a2ef-fb828426bfba"", ""inverseOntologyProperty"": """"}]"
f022dc4f-36b1-5a66-80aa-9944797a9e37,tg:mpmph:100,e73_MaterialRecords,1,materialRecords,"[{""resourceId"": ""4f444090-50f1-582a-9a2b-fa430307a70c"", ""ontologyProperty"": """", ""resourceXresourceId"": ""26351cff-2386-4a10-81c3-ac62ae7f0cb6"", ""inverseOntologyProperty"": """"}]"
b4182975-61f9-5203-a727-dd5c0ad07f18,tg:mpmph:110,e73_MaterialRecords,1,materialRecords,"[{""resourceId"": ""70c21c45-3f92-5dc7-ae3c-8e650c96670a"", ""ontologyProperty"": """", ""resourceXresourceId"": ""fabfd4f5-4551-41aa-a5c4-e99eb91dcc64"", ""inverseOntologyProperty"": """"}]"
2d0bf567-5768-5791-b31c-86e0269b9dd9,tg:mpmph:80,e73_MaterialRecords,1,materialRecords,"[{""resourceId"": ""e2184164-9516-51e5-817a-db86425e2ad1"", ""ontologyProperty"": """", ""resourceXresourceId"": ""4456171f-22e3-4be6-b837-a1501aadd9fe"", ""inverseOntologyProperty"": """"}]"
742c8708-ac9b-5dd4-aed5-96cfafdf58d6,tg:mpmph:90,e73_MaterialRecords,1,materialRecords,"[{""resourceId"": ""57a9ed2e-e46e-52ec-b3e1-68bb09d369b1"", ""ontologyProperty"": """", ""resourceXresourceId"": ""4bb21f58-ed09-4e67-bbd5-97bc95b55ead"", ""inverseOntologyProperty"": """"}]"
ca1cf717-87de-593d-879d-bbc322cc0af3,tg:mpmph:39,e73_MaterialRecords,1,materialRecords,"[{""resourceId"": ""39907cb5-f8d4-5341-b387-6d8aa2c722f2"", ""ontologyProperty"": """", ""resourceXresourceId"": ""445588d6-c6eb-4eb0-9cdc-78bd405bf439"", ""inverseOntologyProperty"": """"}]"
98ede7e9-04cf-5572-9050-3c38ff08333c,tg:mpmph:29,e73_MaterialRecords,1,materialRecords,"[{""resourceId"": ""6b687c2b-864c-5ca0-b6ee-59f294a812e8"", ""ontologyProperty"": """", ""resourceXresourceId"": ""2d519446-0f2a-46bd-99e3-e6276e05b136"", ""inverseOntologyProperty"": """"}]"
9ec5ab15-587a-5306-91c2-1fec1c22f42b,tg:mpmph:64,e73_MaterialRecords,1,materialRecords,"[{""resourceId"": ""53ec7d83-adc4-531a-9217-fe7d8ac4eb08"", ""ontologyProperty"": """", ""resourceXresourceId"": ""f63dc1e9-323c-4189-99a9-beda88bda086"", ""inverseOntologyProperty"": """"}]"
46878d5c-014a-56a9-a7f8-35748ffb9d8a,tg:mpmph:74,e73_MaterialRecords,1,materialRecords,"[{""resourceId"": ""24d14f81-9d39-5f8d-a31b-5f3c4e1645cb"", ""ontologyProperty"": """", ""resourceXresourceId"": ""1d4afe78-07a6-4188-ac06-34a5be0b5105"", ""inverseOntologyProperty"": """"}]"
68a09ff2-b4bf-5cc1-979b-96655a7771a5,tg:mpmph:16,e73_MaterialRecords,1,materialRecords,"[{""resourceId"": ""441c824c-45cf-515d-a021-27e089d7928a"", ""ontologyProperty"": """", ""resourceXresourceId"": ""4ea0cddb-2ee8-4105-94d1-5a920479e66d"", ""inverseOntologyProperty"": """"}]"
bbe4a999-e119-5460-a0bd-2ef6005b0c19,tg:mpmph:99,e73_MaterialRecords,1,materialRecords,"[{""resourceId"": ""378a644e-0606-528a-843b-6e916bf39902"", ""ontologyProperty"": """", ""resourceXresourceId"": ""1bfd9373-f92f-4494-be5f-f3756eb63358"", ""inverseOntologyProperty"": """"}]"
136b5024-824a-5852-aade-a50bef89e1b1,tg:mpmph:89,e73_MaterialRecords,1,materialRecords,"[{""resourceId"": ""83d22bbb-ed76-5e38-b341-abea61ef1beb"", ""ontologyProperty"": """", ""resourceXresourceId"": ""76278ac0-a296-42b9-ab36-0b5b70dc3e61"", ""inverseOntologyProperty"": """"}]"
81aaae21-7028-5bcd-9dbb-dbccaa22064f,tg:mpmph:20,e73_MaterialRecords,1,materialRecords,"[{""resourceId"": ""cb2d75af-a232-5ddd-b4af-234ee4d38556"", ""ontologyProperty"": """", ""resourceXresourceId"": ""21c5ec5b-2447-400d-bd21-d305f6f1a100"", ""inverseOntologyProperty"": """"}]"
446ac2b9-2e36-563c-9e73-2d747408702a,tg:mpmph:30,e73_MaterialRecords,1,materialRecords,"[{""resourceId"": ""153dd3ba-db9e-597c-8580-d4ba2fc79aa3"", ""ontologyProperty"": """", ""resourceXresourceId"": ""9f0b524c-e8d6-4ba6-964e-c9130901f882"", ""inverseOntologyProperty"": """"}]"
ad8368fa-2ee2-55e7-b70e-b62a812b56ae,tg:mpmph:42,e73_MaterialRecords,1,materialRecords,"[{""resourceId"": ""af803315-1e49-5c5f-ae15-eb2878d2dedc"", ""ontologyProperty"": """", ""resourceXresourceId"": ""8dc1b35d-171d-48ad-8643-cf558ebcb5e7"", ""inverseOntologyProperty"": """"}]"
22cdd8f7-6cf3-55fe-aa04-5b7efa7b9ff4,tg:mpmph:52,e73_MaterialRecords,1,materialRecords,"[{""resourceId"": ""03c8990c-ba3a-5c5e-9a2a-08360d5eb8e9"", ""ontologyProperty"": """", ""resourceXresourceId"": ""b3766e5e-ad68-4d4e-8e69-03e385adee50"", ""inverseOntologyProperty"": """"}]"
1616a1ee-ecef-5dc0-a725-4482623bfc55,tg:mpmph:109,e73_MaterialRecords,1,materialRecords,"[{""resourceId"": ""66327336-304a-5178-94b7-50b003153994"", ""ontologyProperty"": """", ""resourceXresourceId"": ""6e85da22-6254-4488-94aa-b5b5be2db084"", ""inverseOntologyProperty"": """"}]"
4d365fa2-2ad0-53e9-a168-01512accff50,tg:mpmph:92,e73_MaterialRecords,1,materialRecords,"[{""resourceId"": ""27cefa72-ec66-5eb1-a976-177cb107b710"", ""ontologyProperty"": """", ""resourceXresourceId"": ""4031175c-eca5-4cbc-88be-392bc9bdb6ae"", ""inverseOntologyProperty"": """"}]"
c417b291-2b00-5e32-8b8b-dbc7063baecb,tg:mpmph:82,e73_MaterialRecords,1,materialRecords,"[{""resourceId"": ""61fe8a24-d55f-5153-9b1c-8648e22e318c"", ""ontologyProperty"": """", ""resourceXresourceId"": ""9ee1c8f2-ce1f-4460-91a9-9e5bdce9d716"", ""inverseOntologyProperty"": """"}]"
88418fac-2c30-5ae1-b7f8-659da144e16c,tg:mpmph:49,e73_MaterialRecords,1,materialRecords,"[{""resourceId"": ""225c0427-0797-5af6-907b-9deae566cc07"", ""ontologyProperty"": """", ""resourceXresourceId"": ""afa72f58-712c-4c41-bf2c-56eb2c0d6a8f"", ""inverseOntologyProperty"": """"}]"
8e67ae5a-ecce-5684-aec6-c266ea6a8d35,tg:mpmph:59,e73_MaterialRecords,1,materialRecords,"[{""resourceId"": ""e6bfc5c3-6da1-5707-beec-1b71aaab4bf3"", ""ontologyProperty"": """", ""resourceXresourceId"": ""152f5daf-d9be-4d8b-b193-b031ac8bdd74"", ""inverseOntologyProperty"": """"}]"
0601325c-d473-5b61-888a-cfab9bd292d6,tg:mpmph:102,e73_MaterialRecords,1,materialRecords,"[{""resourceId"": ""79a2ec62-c6aa-52e4-9625-17b25a00f7d1"", ""ontologyProperty"": """", ""resourceXresourceId"": ""f715989c-7106-4266-bad1-37d685af3ba3"", ""inverseOntologyProperty"": """"}]"
177dc347-eab9-5aa9-9bed-bcc55aa5c471,tg:mpmph:14,e73_MaterialRecords,1,materialRecords,"[{""resourceId"": ""c69d0e47-9009-53bb-ad77-2e33fd199b30"", ""ontologyProperty"": """", ""resourceXresourceId"": ""863d4286-ef12-407a-ac66-93ff321337fa"", ""inverseOntologyProperty"": """"}]"
dcc9188a-6856-50f7-b147-658bdb097ba6,tg:mpmph:76,e73_MaterialRecords,1,materialRecords,"[{""resourceId"": ""192f248d-5931-5938-864c-9627fc72eee7"", ""ontologyProperty"": """", ""resourceXresourceId"": ""781be9a0-23a4-47d5-86f5-d4dba5efec98"", ""inverseOntologyProperty"": """"}]"
446b3528-00c5-567d-b487-16c664daba1b,tg:mpmph:66,e73_MaterialRecords,1,materialRecords,"[{""resourceId"": ""443e33f1-6a69-5bbe-ae99-8a39337ad250"", ""ontologyProperty"": """", ""resourceXresourceId"": ""22bff392-126e-4bf9-b590-632a2cf21772"", ""inverseOntologyProperty"": """"}]"
633eb992-a5fd-5527-a534-d01b12ca13f7,tg:mpmph:50,e73_MaterialRecords,1,materialRecords,"[{""resourceId"": ""d5e81ead-eb24-55f5-8494-4afb69a8449a"", ""ontologyProperty"": """", ""resourceXresourceId"": ""800c9846-c5b4-4f88-8530-b7c2f39a2c7c"", ""inverseOntologyProperty"": """"}]"
89a03f1f-a849-54d1-bad7-0b3783be0323,tg:mpmph:40,e73_MaterialRecords,1,materialRecords,"[{""resourceId"": ""2ea0e18c-6b4e-57a5-8984-17507fbc1bbc"", ""ontologyProperty"": """", ""resourceXresourceId"": ""67c52dff-7911-434b-9a16-98185b5f90e2"", ""inverseOntologyProperty"": """"}]"
cf3016fe-7454-52a8-90e3-f1bd64f1d2ee,tg:mpmph:32,e73_MaterialRecords,1,materialRecords,"[{""resourceId"": ""623b504a-77f7-536b-b7c9-e98fef50725e"", ""ontologyProperty"": """", ""resourceXresourceId"": ""6d5cdac4-f274-41d4-b364-997591acb21d"", ""inverseOntologyProperty"": """"}]"
2463587d-8d6e-5386-a2ff-5b722d676cf3,tg:mpmph:22,e73_MaterialRecords,1,materialRecords,"[{""resourceId"": ""876cda95-7079-519e-8833-198ab402dde6"", ""ontologyProperty"": """", ""resourceXresourceId"": ""b9905b76-ae73-44f5-ae6e-7439277558b6"", ""inverseOntologyProperty"": """"}]"
eb9f60d8-3e27-5471-a2dd-90e2c3182af8,tg:mpmph:41,e73_MaterialRecords,1,materialRecords,"[{""resourceId"": ""9970a225-7f06-5b1b-b41b-c61045fbe4c8"", ""ontologyProperty"": """", ""resourceXresourceId"": ""b31f1d2c-7823-4d96-a031-e78d61e974de"", ""inverseOntologyProperty"": """"}]"
ce680aee-e5e6-55f0-80d3-6ea99cfa9014,tg:mpmph:51,e73_MaterialRecords,1,materialRecords,"[{""resourceId"": ""d3d677e7-467b-5ee8-b0d9-5592255c9743"", ""ontologyProperty"": """", ""resourceXresourceId"": ""b3f81ae0-67f2-4486-b55e-396325f37451"", ""inverseOntologyProperty"": """"}]"
78bb7a61-bdf1-5d4d-b658-8ff864536f1f,tg:mpmph:23,e73_MaterialRecords,1,materialRecords,"[{""resourceId"": ""2068392a-927a-5d44-90a6-24a88e138966"", ""ontologyProperty"": """", ""resourceXresourceId"": ""1da4cc31-006e-4915-8585-7994fd7e1055"", ""inverseOntologyProperty"": """"}]"
8cba6c96-a1d7-539e-afab-09fb50291ff1,tg:mpmph:33,e73_MaterialRecords,1,materialRecords,"[{""resourceId"": ""0204e5c2-0ae8-50ac-9bac-c2822da7f068"", ""ontologyProperty"": """", ""resourceXresourceId"": ""a668e2a3-e1ec-4fc2-b810-0b9ee7816730"", ""inverseOntologyProperty"": """"}]"
a1a62dd7-888c-5852-bc7a-be4f1155f8ad,tg:mpmph:83,e73_MaterialRecords,1,materialRecords,"[{""resourceId"": ""0d44d7a5-175d-55f2-ac3c-3a1131f01dc3"", ""ontologyProperty"": """", ""resourceXresourceId"": ""6ed1645e-2480-42cf-b2b4-4d80aefdbdc4"", ""inverseOntologyProperty"": """"}]"
ec155823-5b37-5cd0-81b6-32f91ae379ad,tg:mpmph:93,e73_MaterialRecords,1,materialRecords,"[{""resourceId"": ""23bca651-65b9-5288-ab4a-4284d9d89489"", ""ontologyProperty"": """", ""resourceXresourceId"": ""33032b06-f250-49d3-adff-bce4877a7718"", ""inverseOntologyProperty"": """"}]"
d5c19f67-3719-52d5-9e0f-b7768c9639da,tg:mpmph:103,e73_MaterialRecords,1,materialRecords,"[{""resourceId"": ""b2bded79-722b-5aa8-aa79-90732b5c42b4"", ""ontologyProperty"": """", ""resourceXresourceId"": ""cc1b1f6d-91a7-4dd9-bed9-50e89fd95f7f"", ""inverseOntologyProperty"": """"}]"
2b4d685e-b10d-53a0-805a-ca573233299a,tg:mpmph:58,e73_MaterialRecords,1,materialRecords,"[{""resourceId"": ""9fc7ca8e-7400-59ac-b5cc-df494dde9aae"", ""ontologyProperty"": """", ""resourceXresourceId"": ""59916b18-dd85-4a1b-b267-929e0a52741a"", ""inverseOntologyProperty"": """"}]"
060fb598-f865-592d-9c41-12499f172880,tg:mpmph:48,e73_MaterialRecords,1,materialRecords,"[{""resourceId"": ""b4d9ef64-04ff-53bd-b506-12ddcb55dcfa"", ""ontologyProperty"": """", ""resourceXresourceId"": ""b6927e91-1507-4e34-b6ee-1c4165d91e74"", ""inverseOntologyProperty"": """"}]"
b779d048-874d-5380-96a7-853bb262031e,tg:mpmph:15,e73_MaterialRecords,1,materialRecords,"[{""resourceId"": ""1615bb8e-58e5-5cb1-b72e-16386b716fed"", ""ontologyProperty"": """", ""resourceXresourceId"": ""6b341602-c1ad-414c-ad5c-d69ff94382f3"", ""inverseOntologyProperty"": """"}]"
d3c74a90-9b57-55dd-8e93-fdfabc918202,tg:mpmph:67,e73_MaterialRecords,1,materialRecords,"[{""resourceId"": ""6b670bdf-141f-55e1-bb91-96466a4c5401"", ""ontologyProperty"": """", ""resourceXresourceId"": ""ec53a97a-1f48-4dc3-b8c1-3557a766dab2"", ""inverseOntologyProperty"": """"}]"
5a37fe40-9a79-5043-bafe-b52608510cec,tg:mpmph:77,e73_MaterialRecords,1,materialRecords,"[{""resourceId"": ""6129afef-8767-53ff-9617-f575251b42cb"", ""ontologyProperty"": """", ""resourceXresourceId"": ""f8823339-a86c-4488-bb52-d58c0c2b01f2"", ""inverseOntologyProperty"": """"}]"
f6735e38-fcf9-526b-a8fd-9c717dd0689f,tg:mpmph:72,e73_MaterialRecords,1,materialRecords,"[{""resourceId"": ""5b04f684-bea6-5b5f-829c-6ab4572cbd95"", ""ontologyProperty"": """", ""resourceXresourceId"": ""f5bcb35c-52b0-436a-8bef-c28cb6c92c52"", ""inverseOntologyProperty"": """"}]"
ca544464-175e-5f55-a753-ca7a95f2d15f,tg:mpmph:62,e73_MaterialRecords,1,materialRecords,"[{""resourceId"": ""c013fd2e-a012-5bc2-b37b-d5ba8ddff784"", ""ontologyProperty"": """", ""resourceXresourceId"": ""ef5f6ef2-a7f2-4d0b-a356-99e7260f7777"", ""inverseOntologyProperty"": """"}]"
5ca9f8d1-8de9-54c6-b967-9cced4c58b77,tg:mpmph:96,e73_MaterialRecords,1,materialRecords,"[{""resourceId"": ""c460fa86-0321-5a07-b7f0-b674cbe91a07"", ""ontologyProperty"": """", ""resourceXresourceId"": ""42125f25-314f-4faf-ae79-2e72be36236f"", ""inverseOntologyProperty"": """"}]"
91de6a95-e16d-528e-b083-0aa0ec667874,tg:mpmph:86,e73_MaterialRecords,1,materialRecords,"[{""resourceId"": ""9fae7fb3-c06d-5338-8fa0-93b89e01309c"", ""ontologyProperty"": """", ""resourceXresourceId"": ""1b7032d6-935a-49bd-ab70-606710748193"", ""inverseOntologyProperty"": """"}]"
d4acb776-c4b3-5fbe-afd9-fcdf48785a6a,tg:mpmph:106,e73_MaterialRecords,1,materialRecords,"[{""resourceId"": ""c88b47ee-c697-5a61-8537-0afdddf11c67"", ""ontologyProperty"": """", ""resourceXresourceId"": ""f9dffee6-c54d-4225-bd9d-d53ec4333f74"", ""inverseOntologyProperty"": """"}]"
e3703fe5-15c2-517f-afc9-62c6281816db,tg:mpmph:54,e73_MaterialRecords,1,materialRecords,"[{""resourceId"": ""a3ec3b64-906c-5396-a92e-3f1a2a62977c"", ""ontologyProperty"": """", ""resourceXresourceId"": ""833552f5-52fa-4164-8774-3b4f3cd8c09d"", ""inverseOntologyProperty"": """"}]"
da0d477e-791d-533c-920c-64439f8ca116,tg:mpmph:44,e73_MaterialRecords,1,materialRecords,"[{""resourceId"": ""c775f0a3-f2e9-590d-b1c9-226e6ddde9df"", ""ontologyProperty"": """", ""resourceXresourceId"": ""6e50d6e0-6b67-4742-ab12-7262a5d82b67"", ""inverseOntologyProperty"": """"}]"
ab7ea7c7-fdd6-5872-a84e-1db5fbeae028,tg:mpmph:36,e73_MaterialRecords,1,materialRecords,"[{""resourceId"": ""5d99d07e-04e2-583d-9f4a-a43b6a55b85b"", ""ontologyProperty"": """", ""resourceXresourceId"": ""f750ded9-b673-4b89-b3bc-ae5729674921"", ""inverseOntologyProperty"": """"}]"
7293a118-14f6-5e59-af92-ecc173466317,tg:mpmph:26,e73_MaterialRecords,1,materialRecords,"[{""resourceId"": ""deb92b88-6d36-5456-b5d6-2b104e0b110e"", ""ontologyProperty"": """", ""resourceXresourceId"": ""5d333441-1903-475d-bbac-8a753afb5369"", ""inverseOntologyProperty"": """"}]"
542a5794-1416-5a8f-a546-f590aaf911d0,tg:mpmph:45,e73_MaterialRecords,1,materialRecords,"[{""resourceId"": ""ac70bb1d-3561-578b-a818-e1292a707db5"", ""ontologyProperty"": """", ""resourceXresourceId"": ""0bfc7f6b-84a5-47bc-85e7-840c5014f801"", ""inverseOntologyProperty"": """"}]"
49d14bdd-d716-5a18-b3e3-cbefaff52d71,tg:mpmph:55,e73_MaterialRecords,1,materialRecords,"[{""resourceId"": ""4e9a0cde-2e8d-5ac4-bec5-ba74ac60f3e0"", ""ontologyProperty"": """", ""resourceXresourceId"": ""38968cec-bc13-41ec-8384-be54acc659df"", ""inverseOntologyProperty"": """"}]"
3833b049-5858-5dce-902c-0b92c54c873c,tg:mpmph:27,e73_MaterialRecords,1,materialRecords,"[{""resourceId"": ""c742772f-722c-5542-8d47-7cb67e2ff15d"", ""ontologyProperty"": """", ""resourceXresourceId"": ""ebf95603-7d5b-45d0-932e-422d52baf908"", ""inverseOntologyProperty"": """"}]"
e322f4c8-b54e-5bc7-b1a5-82271b976183,tg:mpmph:37,e73_MaterialRecords,1,materialRecords,"[{""resourceId"": ""de61939d-a386-57b6-bc78-0e5398d9ac5a"", ""ontologyProperty"": """", ""resourceXresourceId"": ""bbc3d094-23c0-41ca-9508-ae66b7d92008"", ""inverseOntologyProperty"": """"}]"
839033c8-e69d-5629-948b-144adfab957f,tg:mpmph:11,e73_MaterialRecords,1,materialRecords,"[{""resourceId"": ""8f71b843-ee7e-5121-bd20-f1741e59f3ed"", ""ontologyProperty"": """", ""resourceXresourceId"": ""ee3e9ee3-509c-4cc9-a1bc-5a565e008fa3"", ""inverseOntologyProperty"": """"}]"
aff69bb9-ae90-59e5-a7dd-3293d880f3f3,tg:mpmph:63,e73_MaterialRecords,1,materialRecords,"[{""resourceId"": ""96ff3977-3550-55c5-9be7-1fef2c386782"", ""ontologyProperty"": """", ""resourceXresourceId"": ""2e590a9d-3958-43e7-9083-d08a86868a26"", ""inverseOntologyProperty"": """"}]"
90cc73ca-423c-5ad4-9e01-1c4af23a3d45,tg:mpmph:73,e73_MaterialRecords,1,materialRecords,"[{""resourceId"": ""6a900618-d95f-5af0-8828-c6322d488122"", ""ontologyProperty"": """", ""resourceXresourceId"": ""55b61689-2dad-4117-9ff5-9bb9bb04d40b"", ""inverseOntologyProperty"": """"}]"
e379bea5-acc2-56b7-b925-c86833e5e0f7,tg:mpmph:87,e73_MaterialRecords,1,materialRecords,"[{""resourceId"": ""98442105-e29f-5633-a5bb-7f3caf420336"", ""ontologyProperty"": """", ""resourceXresourceId"": ""dfa95496-8de3-4e78-8d9a-c902975d0d1c"", ""inverseOntologyProperty"": """"}]"
532f07c7-65a3-5877-b8df-10a360ea13db,tg:mpmph:97,e73_MaterialRecords,1,materialRecords,"[{""resourceId"": ""2760e92a-f0f0-5771-aa50-5bfbf05ce051"", ""ontologyProperty"": """", ""resourceXresourceId"": ""1726e9b3-d57e-449a-a519-2902391cb601"", ""inverseOntologyProperty"": """"}]"
f1acf235-9a61-5cf4-b3ee-4201be5ae731,tg:mpmph:107,e73_MaterialRecords,1,materialRecords,"[{""resourceId"": ""eb02884e-fecb-5e9f-b358-db40c8c28310"", ""ontologyProperty"": """", ""resourceXresourceId"": ""8f8a601d-3644-492f-8aad-e3cbcee1efe1"", ""inverseOntologyProperty"": """"}]"
b9175eab-6809-5258-b666-b7d92cbd81f6,tg:mpmph:68,e73_MaterialRecords,1,materialRecords,"[{""resourceId"": ""d36dd28c-1ad2-5deb-a55e-98f65226748e"", ""ontologyProperty"": """", ""resourceXresourceId"": ""4f442c43-831f-4b3d-bae7-9da6670f6a0c"", ""inverseOntologyProperty"": """"}]"
7ad45804-4a27-5e19-b725-a63b0274f977,tg:mpmph:78,e73_MaterialRecords,1,materialRecords,"[{""resourceId"": ""f27ae1f3-0241-548e-921f-54ff32fd6726"", ""ontologyProperty"": """", ""resourceXresourceId"": ""d99c1e8f-ac61-4fe7-82b2-b8b63798dc15"", ""inverseOntologyProperty"": """"}]"
ebb4dff4-5d75-5bc4-a4ec-68ac9960ebd9,tg:mpmph:35,e73_MaterialRecords,1,materialRecords,"[{""resourceId"": ""69a5c208-bbca-50d6-a51d-b3bab770b825"", ""ontologyProperty"": """", ""resourceXresourceId"": ""a7624d8c-3240-45fc-b0cb-7406898296e0"", ""inverseOntologyProperty"": """"}]"
c00b0094-8110-5701-b563-b3682d5d9830,tg:mpmph:25,e73_MaterialRecords,1,materialRecords,"[{""resourceId"": ""3136f499-daea-5675-88be-3feda866d8ba"", ""ontologyProperty"": """", ""resourceXresourceId"": ""0cf6ff47-6a3e-4fbb-b896-4c18836826e9"", ""inverseOntologyProperty"": """"}]"
4a84d2be-78bf-5112-bccf-849985bb9e41,tg:mpmph:57,e73_MaterialRecords,1,materialRecords,"[{""resourceId"": ""b32f857a-9586-5620-8ae1-e2ac82231036"", ""ontologyProperty"": """", ""resourceXresourceId"": ""25e7458e-299a-499d-a6aa-0009d0f1cd3b"", ""inverseOntologyProperty"": """"}]"
be985a73-618d-51f7-8dcd-8c76fd204cb8,tg:mpmph:47,e73_MaterialRecords,1,materialRecords,"[{""resourceId"": ""d2124053-2b48-50da-9eed-1955f07b1224"", ""ontologyProperty"": """", ""resourceXresourceId"": ""f5427024-9c1e-4c0f-af75-1b33fc60b167"", ""inverseOntologyProperty"": """"}]"
b869cf72-6a08-5ca0-9ac7-b8ead7db247b,tg:mpmph:71,e73_MaterialRecords,1,materialRecords,"[{""resourceId"": ""d99c2dc7-b848-54a0-a691-539342498ece"", ""ontologyProperty"": """", ""resourceXresourceId"": ""1bbdb290-4eab-4599-b34d-ef3080dc55c6"", ""inverseOntologyProperty"": """"}]"
8fd08c50-6813-56e4-9bb9-7acd19caa13d,tg:mpmph:61,e73_MaterialRecords,1,materialRecords,"[{""resourceId"": ""9b6661f0-3e18-5cfd-a0b2-b36235702fc2"", ""ontologyProperty"": """", ""resourceXresourceId"": ""75b84436-bc62-424f-a890-412d93fb5f6c"", ""inverseOntologyProperty"": """"}]"
de60bf3e-8106-5377-b9d7-dfd48da0c477,tg:mpmph:13,e73_MaterialRecords,1,materialRecords,"[{""resourceId"": ""275be32b-b9df-5001-b75c-a275b2fd2fd6"", ""ontologyProperty"": """", ""resourceXresourceId"": ""c9161bf1-89ef-47c9-9c5a-8260a032b8d5"", ""inverseOntologyProperty"": """"}]"
39449520-06f0-5e6b-99f2-6e8304614e49,tg:mpmph:105,e73_MaterialRecords,1,materialRecords,"[{""resourceId"": ""b64b4d07-57f2-5ab9-a713-289ee5fa62f2"", ""ontologyProperty"": """", ""resourceXresourceId"": ""00db7c99-9a15-479d-bdcf-35d60164fe24"", ""inverseOntologyProperty"": """"}]"
722b81be-58eb-5ee1-afb2-fd90e1f689e0,tg:mpmph:95,e73_MaterialRecords,1,materialRecords,"[{""resourceId"": ""b41dd4b0-f790-5a39-bb13-3927b4cded51"", ""ontologyProperty"": """", ""resourceXresourceId"": ""97b3e782-05d2-4ed3-9e6e-af6d1199cfda"", ""inverseOntologyProperty"": """"}]"
b4a763ce-8d74-5371-8c61-5f1e51af8da7,tg:mpmph:85,e73_MaterialRecords,1,materialRecords,"[{""resourceId"": ""d6b252ef-ee08-5ecd-880d-16a33f37ae65"", ""ontologyProperty"": """", ""resourceXresourceId"": ""555349ff-dd3d-4e9e-be81-22076cfaffbc"", ""inverseOntologyProperty"": """"}]"
8aead454-2ce8-5c0b-87eb-221f9edfd0e7,tg:mpmph:60,e73_MaterialRecords,1,materialRecords,"[{""resourceId"": ""b09dc0df-97a1-58d6-859c-46d173698b9e"", ""ontologyProperty"": """", ""resourceXresourceId"": ""62480515-573a-48fd-914b-c524afbf5308"", ""inverseOntologyProperty"": """"}]"
a2118727-ee17-59e5-8ca7-365fd6cb0e76,tg:mpmph:70,e73_MaterialRecords,1,materialRecords,"[{""resourceId"": ""4fc8eb7b-fc29-5423-92de-0f4731fe7987"", ""ontologyProperty"": """", ""resourceXresourceId"": ""0b06f6e8-e320-4739-ab15-aaf5d3ca1235"", ""inverseOntologyProperty"": """"}]"
43fae41d-2b9c-5b34-b10c-e558dc89ae43,tg:mpmph:12,e73_MaterialRecords,1,materialRecords,"[{""resourceId"": ""12f3a9a8-81ed-568a-8189-70363a88718d"", ""ontologyProperty"": """", ""resourceXresourceId"": ""1f5be040-2bba-416c-ba91-9a8331bfc879"", ""inverseOntologyProperty"": """"}]"
163fb131-447e-56b5-90ad-d131f8b511ed,tg:mpmph:104,e73_MaterialRecords,1,materialRecords,"[{""resourceId"": ""d64e3ec6-9a88-512b-b498-1256691440d2"", ""ontologyProperty"": """", ""resourceXresourceId"": ""3f08edbd-ea8e-46f8-9804-58070b60f13f"", ""inverseOntologyProperty"": """"}]"
0432b71a-5ff1-5f3f-a50a-2ddd4ba64778,tg:mpmph:84,e73_MaterialRecords,1,materialRecords,"[{""resourceId"": ""be378522-63d5-5484-8de7-4fd90cf5e0d2"", ""ontologyProperty"": """", ""resourceXresourceId"": ""2626c747-5272-4988-92fc-2d0bc4c9b275"", ""inverseOntologyProperty"": """"}]"
a62d28af-de06-5e81-bafa-e0ad618874e4,tg:mpmph:94,e73_MaterialRecords,1,materialRecords,"[{""resourceId"": ""de7789cb-6773-576e-a376-c1a0078dd196"", ""ontologyProperty"": """", ""resourceXresourceId"": ""6e24b3a2-8bc8-4d61-a6b5-e571874b83ca"", ""inverseOntologyProperty"": """"}]"
dc54db9b-5e1a-5ec0-b0fa-e841ee18ddd4,tg:mpmph:79,e73_MaterialRecords,1,materialRecords,"[{""resourceId"": ""37261aa0-60ca-598e-8430-76bd7268c647"", ""ontologyProperty"": """", ""resourceXresourceId"": ""3469895f-81b8-4836-8c18-c9af70d52645"", ""inverseOntologyProperty"": """"}]"
f302ed82-628d-5aed-9fff-5b5988d4b907,tg:mpmph:69,e73_MaterialRecords,1,materialRecords,"[{""resourceId"": ""526f4764-8f08-515f-85c7-389282b006f5"", ""ontologyProperty"": """", ""resourceXresourceId"": ""aabd89e9-b72c-4396-9fe2-69061f73dd89"", ""inverseOntologyProperty"": """"}]"
646f1a58-cbb8-5ddb-bfa2-e0caee1a036f,tg:mpmph:24,e73_MaterialRecords,1,materialRecords,"[{""resourceId"": ""f7968ecf-9804-5d35-9090-7e2b9dcac010"", ""ontologyProperty"": """", ""resourceXresourceId"": ""76bfb97f-ccd8-4821-a609-b1971f965361"", ""inverseOntologyProperty"": """"}]"
9bed1aae-f750-5292-b08d-0a4568e0ffca,tg:mpmph:34,e73_MaterialRecords,1,materialRecords,"[{""resourceId"": ""e65fbbc6-bf16-5bd2-9202-027996932153"", ""ontologyProperty"": """", ""resourceXresourceId"": ""5e528a77-3ca8-4ba1-a194-3f6063a7df27"", ""inverseOntologyProperty"": """"}]"
ea9728e0-875d-55d4-ac4b-03c5125b6707,tg:mpmph:46,e73_MaterialRecords,1,materialRecords,"[{""resourceId"": ""fef6ef86-f6e5-51c0-a3ed-59aa9e633960"", ""ontologyProperty"": """", ""resourceXresourceId"": ""05832607-26c2-439c-bc4e-ff42f185a7f6"", ""inverseOntologyProperty"": """"}]"
028e6a97-ddf1-5311-86ec-ef5b357a7a4b,tg:mpmph:56,e73_MaterialRecords,1,materialRecords,"[{""resourceId"": ""7633b204-c437-548d-aff4-16bd8cfd4ff3"", ""ontologyProperty"": """", ""resourceXresourceId"": ""e635f902-e9d7-4af1-92d4-44976a69fabe"", ""inverseOntologyProperty"": """"}]"
