ResourceID,card,order,Transactions
020d937c-b7b1-5ae0-9241-74fd925008ba,e73_ChangeHistoryRelations,1,"[{""resourceId"": ""1bf7fb04-bac7-4e98-a091-cfe8666e6cf4"", ""ontologyProperty"": """", ""resourceXresourceId"": ""17e1bb0f-62cb-4f4e-8f6c-508261bdec3d"", ""inverseOntologyProperty"": """"}]"
028e6a97-ddf1-5311-86ec-ef5b357a7a4b,e73_ChangeHistoryRelations,1,"[{""resourceId"": ""4b644f78-c7e9-456c-8541-b902ea6db8f4"", ""ontologyProperty"": """", ""resourceXresourceId"": ""f4d63fbf-6812-459f-962c-57f60728ec3e"", ""inverseOntologyProperty"": """"}]"
037115d1-f4fd-5466-9669-a426c185e2ac,e73_ChangeHistoryRelations,1,"[{""resourceId"": ""2f705274-e657-46cc-8287-3be08a40f211"", ""ontologyProperty"": """", ""resourceXresourceId"": ""dda06d43-7c27-4d51-a3d8-00e1ab0ef6dc"", ""inverseOntologyProperty"": """"}]"
0432b71a-5ff1-5f3f-a50a-2ddd4ba64778,e73_ChangeHistoryRelations,1,"[{""resourceId"": ""990f8a8c-1bab-45df-8fcf-f599cfe73297"", ""ontologyProperty"": """", ""resourceXresourceId"": ""c36d2cac-5edc-4b52-bd25-9dcb29d9a311"", ""inverseOntologyProperty"": """"}]"
05915d97-808a-5322-ab95-3721b82d4af5,e73_ChangeHistoryRelations,1,"[{""resourceId"": ""f5938da5-dce6-4f23-9dd1-68020589ceab"", ""ontologyProperty"": """", ""resourceXresourceId"": ""87b0b989-d4fb-4b3e-8f8e-eaac2854a032"", ""inverseOntologyProperty"": """"}]"
0601325c-d473-5b61-888a-cfab9bd292d6,e73_ChangeHistoryRelations,1,"[{""resourceId"": ""391d1b46-c47c-40db-8a51-14f5f9ca81c2"", ""ontologyProperty"": """", ""resourceXresourceId"": ""56095d6a-0864-482b-8acc-2311a8ae659d"", ""inverseOntologyProperty"": """"}]"
060fb598-f865-592d-9c41-12499f172880,e73_ChangeHistoryRelations,1,"[{""resourceId"": ""5c707ec3-2c88-48cd-bdb8-fc90050246a5"", ""ontologyProperty"": """", ""resourceXresourceId"": ""43e4a41d-e005-462d-934f-eec7e470fb4c"", ""inverseOntologyProperty"": """"}]"
12f6e1a1-833b-5a83-84fa-b7faf7a7386e,e73_ChangeHistoryRelations,1,"[{""resourceId"": ""bdc70b68-1434-435f-8145-b90e30ca5804"", ""ontologyProperty"": """", ""resourceXresourceId"": ""f8c287db-ccfd-4319-95db-6cb889661449"", ""inverseOntologyProperty"": """"}]"
136b5024-824a-5852-aade-a50bef89e1b1,e73_ChangeHistoryRelations,1,"[{""resourceId"": ""54cc61b8-d815-4c77-b442-2871f21d36c3"", ""ontologyProperty"": """", ""resourceXresourceId"": ""5188ab70-543c-4507-9515-8e1639d7d410"", ""inverseOntologyProperty"": """"}]"
1616a1ee-ecef-5dc0-a725-4482623bfc55,e73_ChangeHistoryRelations,1,"[{""resourceId"": ""880744cd-8da2-4c18-adab-f52d508cc5e8"", ""ontologyProperty"": """", ""resourceXresourceId"": ""047d1721-871b-44e9-a1c5-6f083ebe93da"", ""inverseOntologyProperty"": """"}]"
163fb131-447e-56b5-90ad-d131f8b511ed,e73_ChangeHistoryRelations,1,"[{""resourceId"": ""76630a57-95f8-4f29-8293-8963bb6e071f"", ""ontologyProperty"": """", ""resourceXresourceId"": ""adee7cbc-50e8-4277-831c-74bc77a5e664"", ""inverseOntologyProperty"": """"}]"
177dc347-eab9-5aa9-9bed-bcc55aa5c471,e73_ChangeHistoryRelations,1,"[{""resourceId"": ""4551848d-f7a5-4b3f-90b3-2b0a811a4187"", ""ontologyProperty"": """", ""resourceXresourceId"": ""652236d1-8685-4c90-b74d-96a82727e312"", ""inverseOntologyProperty"": """"}]"
1f65494d-9c65-535d-bcb1-a04cf80de46f,e73_ChangeHistoryRelations,1,"[{""resourceId"": ""98db2f39-0d01-4fb0-89ed-63a5c10b0865"", ""ontologyProperty"": """", ""resourceXresourceId"": ""029e29a1-78f2-405f-a754-ae5eecdcb011"", ""inverseOntologyProperty"": """"}]"
22cdd8f7-6cf3-55fe-aa04-5b7efa7b9ff4,e73_ChangeHistoryRelations,1,"[{""resourceId"": ""cb0a0a41-8278-4a84-bb93-e27c3f27a477"", ""ontologyProperty"": """", ""resourceXresourceId"": ""5759a439-0801-48ce-8858-0e2b99d6178a"", ""inverseOntologyProperty"": """"}]"
2463587d-8d6e-5386-a2ff-5b722d676cf3,e73_ChangeHistoryRelations,1,"[{""resourceId"": ""bd274133-adca-45e8-8646-9148f3b0926c"", ""ontologyProperty"": """", ""resourceXresourceId"": ""2072645c-0053-42d0-9db5-447a2b8fe0ce"", ""inverseOntologyProperty"": """"}]"
2b4d685e-b10d-53a0-805a-ca573233299a,e73_ChangeHistoryRelations,1,"[{""resourceId"": ""39c1d9a8-5423-4bd8-900a-77383c8989e8"", ""ontologyProperty"": """", ""resourceXresourceId"": ""39db25f9-42ff-48bf-b3b3-1a0b351bdf75"", ""inverseOntologyProperty"": """"}]"
2d0bf567-5768-5791-b31c-86e0269b9dd9,e73_ChangeHistoryRelations,1,"[{""resourceId"": ""eac4c344-15e8-48f9-be37-fe60a3c5eaa5"", ""ontologyProperty"": """", ""resourceXresourceId"": ""7661a553-c952-4767-9943-41e05d812f6c"", ""inverseOntologyProperty"": """"}]"
32b561ba-598d-5dbe-9489-35948ec95d3c,e73_ChangeHistoryRelations,1,"[{""resourceId"": ""86a3ff8e-82c6-45ba-833c-d1e32e649d29"", ""ontologyProperty"": """", ""resourceXresourceId"": ""2aaa1bb6-4fd9-4039-8a24-dc409acb0388"", ""inverseOntologyProperty"": """"}]"
3833b049-5858-5dce-902c-0b92c54c873c,e73_ChangeHistoryRelations,1,"[{""resourceId"": ""6a2f4d42-6d7c-4341-809e-6c0391023475"", ""ontologyProperty"": """", ""resourceXresourceId"": ""9b0d6a4f-461b-4481-bfc0-4702695a85f8"", ""inverseOntologyProperty"": """"}]"
39449520-06f0-5e6b-99f2-6e8304614e49,e73_ChangeHistoryRelations,1,"[{""resourceId"": ""53665bff-3a04-4eae-ac7a-b002f22cca5f"", ""ontologyProperty"": """", ""resourceXresourceId"": ""77dce056-9a08-465b-ab4b-eb4404d81e17"", ""inverseOntologyProperty"": """"}]"
43fae41d-2b9c-5b34-b10c-e558dc89ae43,e73_ChangeHistoryRelations,1,"[{""resourceId"": ""1725d98d-ceca-44e1-99b2-be2d885133e1"", ""ontologyProperty"": """", ""resourceXresourceId"": ""9ccdbc5b-be29-43f2-8488-635018f23eb4"", ""inverseOntologyProperty"": """"}]"
446ac2b9-2e36-563c-9e73-2d747408702a,e73_ChangeHistoryRelations,1,"[{""resourceId"": ""58f5ef47-2adb-499a-ab3e-b5c5d988bf53"", ""ontologyProperty"": """", ""resourceXresourceId"": ""0ec86378-c4c1-44d0-88e3-0dbe06a928d5"", ""inverseOntologyProperty"": """"}]"
446b3528-00c5-567d-b487-16c664daba1b,e73_ChangeHistoryRelations,1,"[{""resourceId"": ""f282760a-7a5f-451f-a9e5-4b55f24f5e4c"", ""ontologyProperty"": """", ""resourceXresourceId"": ""e2f26783-6ea7-417f-a124-c0649530f6d1"", ""inverseOntologyProperty"": """"}]"
46878d5c-014a-56a9-a7f8-35748ffb9d8a,e73_ChangeHistoryRelations,1,"[{""resourceId"": ""cf47bdf3-91e7-4280-8365-6a52482d5df4"", ""ontologyProperty"": """", ""resourceXresourceId"": ""5e19ea2c-0f33-426a-bcfc-0d343e25a8c2"", ""inverseOntologyProperty"": """"}]"
48a416aa-fd0c-5b4d-88b8-8491c78d09c4,e73_ChangeHistoryRelations,1,"[{""resourceId"": ""b057d0c8-ae24-4402-8406-33a6a2a905c9"", ""ontologyProperty"": """", ""resourceXresourceId"": ""328a6475-7234-441c-9d40-2a9f7d57c5ef"", ""inverseOntologyProperty"": """"}]"
49d14bdd-d716-5a18-b3e3-cbefaff52d71,e73_ChangeHistoryRelations,1,"[{""resourceId"": ""5d86da16-2b2d-42f6-8757-6248fa14fc6f"", ""ontologyProperty"": """", ""resourceXresourceId"": ""ffd7ab15-d94a-4968-aaec-7eaf376516a7"", ""inverseOntologyProperty"": """"}]"
4a84d2be-78bf-5112-bccf-849985bb9e41,e73_ChangeHistoryRelations,1,"[{""resourceId"": ""76312b10-4b6d-4f0d-8497-b814a09c9f93"", ""ontologyProperty"": """", ""resourceXresourceId"": ""3bae7fd1-4681-432b-aef0-e0408b81e695"", ""inverseOntologyProperty"": """"}]"
4d365fa2-2ad0-53e9-a168-01512accff50,e73_ChangeHistoryRelations,1,"[{""resourceId"": ""7b238d50-a795-4e77-a595-087112233fa1"", ""ontologyProperty"": """", ""resourceXresourceId"": ""7d6114ff-cd18-470d-a261-d619d4baac89"", ""inverseOntologyProperty"": """"}]"
532f07c7-65a3-5877-b8df-10a360ea13db,e73_ChangeHistoryRelations,1,"[{""resourceId"": ""bdf86cfd-7ff0-482b-a25a-ed369f63103c"", ""ontologyProperty"": """", ""resourceXresourceId"": ""33e13083-3fb2-4f48-9eae-a2c6cf230ee9"", ""inverseOntologyProperty"": """"}]"
542a5794-1416-5a8f-a546-f590aaf911d0,e73_ChangeHistoryRelations,1,"[{""resourceId"": ""2e73e50b-22e9-47f9-bab2-fba605fea84b"", ""ontologyProperty"": """", ""resourceXresourceId"": ""e559c3e9-e06c-4b97-afc9-8ac9b4a5a2fd"", ""inverseOntologyProperty"": """"}]"
5a37fe40-9a79-5043-bafe-b52608510cec,e73_ChangeHistoryRelations,1,"[{""resourceId"": ""f5f476e5-90e2-4224-b899-372145e4d7d5"", ""ontologyProperty"": """", ""resourceXresourceId"": ""9aadcf1a-698a-4e8a-b2b8-bb80f06f476a"", ""inverseOntologyProperty"": """"}]"
5ca9f8d1-8de9-54c6-b967-9cced4c58b77,e73_ChangeHistoryRelations,1,"[{""resourceId"": ""fe22a89d-5b7f-4d90-b7a7-d439af3d933f"", ""ontologyProperty"": """", ""resourceXresourceId"": ""caee69a5-9aed-4242-bdae-e892ff8efce2"", ""inverseOntologyProperty"": """"}]"
633eb992-a5fd-5527-a534-d01b12ca13f7,e73_ChangeHistoryRelations,1,"[{""resourceId"": ""55e059c6-dd3e-43cc-b592-23853e597771"", ""ontologyProperty"": """", ""resourceXresourceId"": ""61c871fc-d830-42fd-9dd1-c4cc017991fa"", ""inverseOntologyProperty"": """"}]"
646f1a58-cbb8-5ddb-bfa2-e0caee1a036f,e73_ChangeHistoryRelations,1,"[{""resourceId"": ""39dd6142-6546-4f5b-9be3-5b98a27755c1"", ""ontologyProperty"": """", ""resourceXresourceId"": ""ad01a9bc-b622-47ff-a969-2169c791190f"", ""inverseOntologyProperty"": """"}]"
68a09ff2-b4bf-5cc1-979b-96655a7771a5,e73_ChangeHistoryRelations,1,"[{""resourceId"": ""6224a79e-d372-4227-8e5f-a8a81b7acff0"", ""ontologyProperty"": """", ""resourceXresourceId"": ""dd14f5a4-6fd7-4e46-b482-34d76ea41f56"", ""inverseOntologyProperty"": """"}]"
69b8e859-4eb7-5bdb-ba34-76e65b9a26a3,e73_ChangeHistoryRelations,1,"[{""resourceId"": ""984f4a15-7c1c-4a70-bc22-31f485b67832"", ""ontologyProperty"": """", ""resourceXresourceId"": ""fb8e06c9-0f80-48ef-8736-8347971c5a8d"", ""inverseOntologyProperty"": """"}]"
722b81be-58eb-5ee1-afb2-fd90e1f689e0,e73_ChangeHistoryRelations,1,"[{""resourceId"": ""13215846-920e-4ed8-aaea-9de638d375ef"", ""ontologyProperty"": """", ""resourceXresourceId"": ""8a50b34f-ae95-47c5-b278-a045490eecdb"", ""inverseOntologyProperty"": """"}]"
7293a118-14f6-5e59-af92-ecc173466317,e73_ChangeHistoryRelations,1,"[{""resourceId"": ""d5adcc8d-912c-41c1-a0f1-c43cace7632f"", ""ontologyProperty"": """", ""resourceXresourceId"": ""4ce85ce4-c4f3-4434-a06b-4b0ee345b303"", ""inverseOntologyProperty"": """"}]"
742c8708-ac9b-5dd4-aed5-96cfafdf58d6,e73_ChangeHistoryRelations,1,"[{""resourceId"": ""0b681a8f-deca-447f-af80-24010a04413b"", ""ontologyProperty"": """", ""resourceXresourceId"": ""515873c3-e6ac-408b-8c89-477397ee88b2"", ""inverseOntologyProperty"": """"}]"
78bb7a61-bdf1-5d4d-b658-8ff864536f1f,e73_ChangeHistoryRelations,1,"[{""resourceId"": ""7910e178-098f-46b0-b447-e9ce650672ed"", ""ontologyProperty"": """", ""resourceXresourceId"": ""916d32fd-d2c3-4d51-9d17-77cedeb77df9"", ""inverseOntologyProperty"": """"}]"
7ad45804-4a27-5e19-b725-a63b0274f977,e73_ChangeHistoryRelations,1,"[{""resourceId"": ""7d6a479f-3525-4970-8cff-9c1df5060770"", ""ontologyProperty"": """", ""resourceXresourceId"": ""2f01cc11-3cd3-449e-9caf-b4d65abfe35d"", ""inverseOntologyProperty"": """"}]"
7bdeae05-9a01-5c7a-baba-17b7d04d3200,e73_ChangeHistoryRelations,1,"[{""resourceId"": ""f44eadf5-4a55-4e0c-a506-bd9270035f4a"", ""ontologyProperty"": """", ""resourceXresourceId"": ""a144f234-c6d1-492a-ac68-2cb3caab31b3"", ""inverseOntologyProperty"": """"}]"
81aaae21-7028-5bcd-9dbb-dbccaa22064f,e73_ChangeHistoryRelations,1,"[{""resourceId"": ""75e47606-dfd0-4075-bf8c-f9269eb89c9e"", ""ontologyProperty"": """", ""resourceXresourceId"": ""ea0dee52-0403-41ac-95a9-5f4005a8f3fd"", ""inverseOntologyProperty"": """"}]"
839033c8-e69d-5629-948b-144adfab957f,e73_ChangeHistoryRelations,1,"[{""resourceId"": ""00a38e85-ba0c-4a7a-87be-6d53060bbeed"", ""ontologyProperty"": """", ""resourceXresourceId"": ""a68a099a-41c9-4dcf-ab6d-0ede869ee1fa"", ""inverseOntologyProperty"": """"}]"
88418fac-2c30-5ae1-b7f8-659da144e16c,e73_ChangeHistoryRelations,1,"[{""resourceId"": ""de3102c2-32c8-47e9-beb2-e7dba08254d0"", ""ontologyProperty"": """", ""resourceXresourceId"": ""e65293b1-9490-4eb9-ae03-c3842484a7e5"", ""inverseOntologyProperty"": """"}]"
89a03f1f-a849-54d1-bad7-0b3783be0323,e73_ChangeHistoryRelations,1,"[{""resourceId"": ""abd88556-b65e-45ae-8594-56bd431b02ac"", ""ontologyProperty"": """", ""resourceXresourceId"": ""1d0c4a91-d923-45de-8902-494e76a6902d"", ""inverseOntologyProperty"": """"}]"
8aead454-2ce8-5c0b-87eb-221f9edfd0e7,e73_ChangeHistoryRelations,1,"[{""resourceId"": ""29824c31-4b72-4b30-b9c1-f1867cc6588c"", ""ontologyProperty"": """", ""resourceXresourceId"": ""75961163-8d23-4cd0-99ca-5e917828ce36"", ""inverseOntologyProperty"": """"}]"
8cba6c96-a1d7-539e-afab-09fb50291ff1,e73_ChangeHistoryRelations,1,"[{""resourceId"": ""bfb638a3-ab25-45d5-ad08-3378da1c38d7"", ""ontologyProperty"": """", ""resourceXresourceId"": ""3b703265-b3b7-4082-aa95-57b4520479a6"", ""inverseOntologyProperty"": """"}]"
8e67ae5a-ecce-5684-aec6-c266ea6a8d35,e73_ChangeHistoryRelations,1,"[{""resourceId"": ""8ec96e88-e17c-4107-82b3-b3624ea30443"", ""ontologyProperty"": """", ""resourceXresourceId"": ""8c7007ef-2b2d-4c6c-ab35-f9bd0716df57"", ""inverseOntologyProperty"": """"}]"
8fd08c50-6813-56e4-9bb9-7acd19caa13d,e73_ChangeHistoryRelations,1,"[{""resourceId"": ""a1f0f82e-957d-401f-bb91-f755bce32043"", ""ontologyProperty"": """", ""resourceXresourceId"": ""803a3c4b-1adb-4c33-bbf8-0e934fc9693a"", ""inverseOntologyProperty"": """"}]"
90cc73ca-423c-5ad4-9e01-1c4af23a3d45,e73_ChangeHistoryRelations,1,"[{""resourceId"": ""1cea10af-2d04-490f-a229-c99d908c8e18"", ""ontologyProperty"": """", ""resourceXresourceId"": ""07668ab0-0b4b-434a-a9a5-a21d98474b7f"", ""inverseOntologyProperty"": """"}]"
91de6a95-e16d-528e-b083-0aa0ec667874,e73_ChangeHistoryRelations,1,"[{""resourceId"": ""85e4b812-e7e3-4823-b8d3-7b48bd8daf1a"", ""ontologyProperty"": """", ""resourceXresourceId"": ""6169d877-d77f-4737-b0c6-f619d2043ab7"", ""inverseOntologyProperty"": """"}]"
98ede7e9-04cf-5572-9050-3c38ff08333c,e73_ChangeHistoryRelations,1,"[{""resourceId"": ""db20e448-fe82-4f22-b98b-bca5b519842e"", ""ontologyProperty"": """", ""resourceXresourceId"": ""701a49b3-b1d9-4156-a468-c3f0d1f3e163"", ""inverseOntologyProperty"": """"}]"
9bed1aae-f750-5292-b08d-0a4568e0ffca,e73_ChangeHistoryRelations,1,"[{""resourceId"": ""64b0555d-b129-459f-b561-cb1f9070b1c8"", ""ontologyProperty"": """", ""resourceXresourceId"": ""035804b0-0c62-4ff4-8101-9f03cb82e5b7"", ""inverseOntologyProperty"": """"}]"
9ec5ab15-587a-5306-91c2-1fec1c22f42b,e73_ChangeHistoryRelations,1,"[{""resourceId"": ""5e3aa371-f5c8-40f0-b8b5-72d1822b61cd"", ""ontologyProperty"": """", ""resourceXresourceId"": ""c8a92753-6fb4-493e-b13a-b31aaa51a74e"", ""inverseOntologyProperty"": """"}]"
a1a62dd7-888c-5852-bc7a-be4f1155f8ad,e73_ChangeHistoryRelations,1,"[{""resourceId"": ""5b5df539-5dfb-424a-ac50-486a2bb7b4bb"", ""ontologyProperty"": """", ""resourceXresourceId"": ""8ceae7c2-74e2-4d2b-b42a-f495a2db0073"", ""inverseOntologyProperty"": """"}]"
a2118727-ee17-59e5-8ca7-365fd6cb0e76,e73_ChangeHistoryRelations,1,"[{""resourceId"": ""8936c050-39ef-4f6a-ab68-d9a23280e48a"", ""ontologyProperty"": """", ""resourceXresourceId"": ""4d12f8ba-a4b1-419e-a89b-4a854a523fef"", ""inverseOntologyProperty"": """"}]"
a62d28af-de06-5e81-bafa-e0ad618874e4,e73_ChangeHistoryRelations,1,"[{""resourceId"": ""24c31aa3-3f25-45c5-a7c2-98b280cac2fe"", ""ontologyProperty"": """", ""resourceXresourceId"": ""e1dc6766-99a4-4aec-87a0-b2f01efc9671"", ""inverseOntologyProperty"": """"}]"
ab7ea7c7-fdd6-5872-a84e-1db5fbeae028,e73_ChangeHistoryRelations,1,"[{""resourceId"": ""9564bbdb-83f8-4c2b-84d9-ca9be6918d76"", ""ontologyProperty"": """", ""resourceXresourceId"": ""af117454-d468-4b35-aeec-666081be3433"", ""inverseOntologyProperty"": """"}]"
ad8368fa-2ee2-55e7-b70e-b62a812b56ae,e73_ChangeHistoryRelations,1,"[{""resourceId"": ""2f4d05bf-635a-44d2-b35c-88d64b25bc86"", ""ontologyProperty"": """", ""resourceXresourceId"": ""cbbcbdcb-eb4f-44b1-869c-5abc64cd6052"", ""inverseOntologyProperty"": """"}]"
aff69bb9-ae90-59e5-a7dd-3293d880f3f3,e73_ChangeHistoryRelations,1,"[{""resourceId"": ""8e4aeb0b-787c-4738-96ac-01bebce98fda"", ""ontologyProperty"": """", ""resourceXresourceId"": ""4771ab7d-7e7d-4470-bc2b-7afc6457f91a"", ""inverseOntologyProperty"": """"}]"
b2b20816-1148-5965-89d9-95c6cfe2d0ab,e73_ChangeHistoryRelations,1,"[{""resourceId"": ""9f1de6c8-8bb4-4255-ba71-6c1016e65597"", ""ontologyProperty"": """", ""resourceXresourceId"": ""138d7936-e0d6-40bf-8be2-3c07f718a3fc"", ""inverseOntologyProperty"": """"}]"
b4182975-61f9-5203-a727-dd5c0ad07f18,e73_ChangeHistoryRelations,1,"[{""resourceId"": ""92ca095a-2a11-44d1-a9ad-40b48a0dbaf3"", ""ontologyProperty"": """", ""resourceXresourceId"": ""453b0d1a-f318-4a81-b0b2-7211f3efc016"", ""inverseOntologyProperty"": """"}]"
b4a763ce-8d74-5371-8c61-5f1e51af8da7,e73_ChangeHistoryRelations,1,"[{""resourceId"": ""4a8d1fbd-a52e-4c77-b622-a118e53c91a1"", ""ontologyProperty"": """", ""resourceXresourceId"": ""3b9e1328-cfb9-47cc-8871-98ca97302b6e"", ""inverseOntologyProperty"": """"}]"
b779d048-874d-5380-96a7-853bb262031e,e73_ChangeHistoryRelations,1,"[{""resourceId"": ""d7e54127-0f2d-491e-bbc6-0e675572d5c0"", ""ontologyProperty"": """", ""resourceXresourceId"": ""f1c291a7-a810-4715-a0d6-7ff7fd7d13b4"", ""inverseOntologyProperty"": """"}]"
b869cf72-6a08-5ca0-9ac7-b8ead7db247b,e73_ChangeHistoryRelations,1,"[{""resourceId"": ""335c5c22-ac44-41af-83f8-aa1a9ec05dc7"", ""ontologyProperty"": """", ""resourceXresourceId"": ""9866fb31-3694-4043-b2af-dff4640b58c4"", ""inverseOntologyProperty"": """"}]"
b9175eab-6809-5258-b666-b7d92cbd81f6,e73_ChangeHistoryRelations,1,"[{""resourceId"": ""bdf80b1d-22cc-42da-b13d-79ded635cf8b"", ""ontologyProperty"": """", ""resourceXresourceId"": ""f801fc52-c19e-499b-b1f4-c19e3dfe6cc8"", ""inverseOntologyProperty"": """"}]"
bbe4a999-e119-5460-a0bd-2ef6005b0c19,e73_ChangeHistoryRelations,1,"[{""resourceId"": ""3e62af42-244d-479c-9d1d-e443c726f93a"", ""ontologyProperty"": """", ""resourceXresourceId"": ""1d3c2f46-0000-4b7b-aa2d-a8653d9db56f"", ""inverseOntologyProperty"": """"}]"
be985a73-618d-51f7-8dcd-8c76fd204cb8,e73_ChangeHistoryRelations,1,"[{""resourceId"": ""a8c55226-3e34-4107-b4a4-2e4d415b393c"", ""ontologyProperty"": """", ""resourceXresourceId"": ""aab27870-c817-46bb-a384-8c39f433d9e3"", ""inverseOntologyProperty"": """"}]"
c00b0094-8110-5701-b563-b3682d5d9830,e73_ChangeHistoryRelations,1,"[{""resourceId"": ""f76b5806-5c50-4442-bcd6-3349a245a22c"", ""ontologyProperty"": """", ""resourceXresourceId"": ""745957bd-99fd-4794-90bf-9312dbbe58ef"", ""inverseOntologyProperty"": """"}]"
c285eabe-bdd8-5fa8-be09-e0d2398c5947,e73_ChangeHistoryRelations,1,"[{""resourceId"": ""5e65227e-a66d-4e22-b526-875db2bc8478"", ""ontologyProperty"": """", ""resourceXresourceId"": ""1a726a09-4278-4a21-8db4-066ba58445ca"", ""inverseOntologyProperty"": """"}]"
c417b291-2b00-5e32-8b8b-dbc7063baecb,e73_ChangeHistoryRelations,1,"[{""resourceId"": ""ae3a71b6-313d-41f3-b984-4a93cf9314f6"", ""ontologyProperty"": """", ""resourceXresourceId"": ""8b487839-672f-4f8d-a092-f5a45be4f194"", ""inverseOntologyProperty"": """"}]"
c6ce51c0-0db0-5a1f-9fb7-361349dd4840,e73_ChangeHistoryRelations,1,"[{""resourceId"": ""a606a81c-1b5d-4b25-93de-645b112af0e0"", ""ontologyProperty"": """", ""resourceXresourceId"": ""9037177e-4822-4241-aa75-be0655992ab1"", ""inverseOntologyProperty"": """"}]"
ca1cf717-87de-593d-879d-bbc322cc0af3,e73_ChangeHistoryRelations,1,"[{""resourceId"": ""2bce2fa5-b268-4049-a2bf-f9fe862c7408"", ""ontologyProperty"": """", ""resourceXresourceId"": ""41993b0d-75e2-42c0-8a88-886e1a63bc14"", ""inverseOntologyProperty"": """"}]"
ca544464-175e-5f55-a753-ca7a95f2d15f,e73_ChangeHistoryRelations,1,"[{""resourceId"": ""f8d5672e-81ce-4c69-a2be-d30ba929f1ab"", ""ontologyProperty"": """", ""resourceXresourceId"": ""b3d693aa-6a5e-461d-a5ae-f9760744c779"", ""inverseOntologyProperty"": """"}]"
ce680aee-e5e6-55f0-80d3-6ea99cfa9014,e73_ChangeHistoryRelations,1,"[{""resourceId"": ""0b6eff73-a962-4a62-921f-6d2d68375bfd"", ""ontologyProperty"": """", ""resourceXresourceId"": ""9b2ce490-cefe-461c-81e8-cfd162c67fb0"", ""inverseOntologyProperty"": """"}]"
cf10feed-9f60-5d97-9a97-6f221a03c746,e73_ChangeHistoryRelations,1,"[{""resourceId"": ""522cb9fd-6ff4-4681-b7cf-330dc2b08933"", ""ontologyProperty"": """", ""resourceXresourceId"": ""77863fd7-5c1b-4f70-b1bb-b2fb8f142b31"", ""inverseOntologyProperty"": """"}]"
cf3016fe-7454-52a8-90e3-f1bd64f1d2ee,e73_ChangeHistoryRelations,1,"[{""resourceId"": ""dbf64071-6f1a-4641-a868-dc901ecad8f1"", ""ontologyProperty"": """", ""resourceXresourceId"": ""7af6905c-e61a-4d7c-b139-760c52402d99"", ""inverseOntologyProperty"": """"}]"
d3c74a90-9b57-55dd-8e93-fdfabc918202,e73_ChangeHistoryRelations,1,"[{""resourceId"": ""d3199203-7feb-45f5-a3fe-2ceebf9626e9"", ""ontologyProperty"": """", ""resourceXresourceId"": ""82ddc97f-06eb-4d27-96c5-64db9b00806e"", ""inverseOntologyProperty"": """"}]"
d4acb776-c4b3-5fbe-afd9-fcdf48785a6a,e73_ChangeHistoryRelations,1,"[{""resourceId"": ""934b94ed-2913-433b-a3e7-f14ae5b9139f"", ""ontologyProperty"": """", ""resourceXresourceId"": ""df7c2589-0c72-4234-8dfa-8a84417c1056"", ""inverseOntologyProperty"": """"}]"
d5c19f67-3719-52d5-9e0f-b7768c9639da,e73_ChangeHistoryRelations,1,"[{""resourceId"": ""d10efa0c-5aac-4e13-a48b-f1d7d8c7d72d"", ""ontologyProperty"": """", ""resourceXresourceId"": ""fc10821f-5b59-4b95-9119-8c665264cb13"", ""inverseOntologyProperty"": """"}]"
da0d477e-791d-533c-920c-64439f8ca116,e73_ChangeHistoryRelations,1,"[{""resourceId"": ""ba89f057-00db-412a-b4a4-ae2b41cadddd"", ""ontologyProperty"": """", ""resourceXresourceId"": ""8deeff24-12e3-4c8d-96c7-7f23b8547a15"", ""inverseOntologyProperty"": """"}]"
dc54db9b-5e1a-5ec0-b0fa-e841ee18ddd4,e73_ChangeHistoryRelations,1,"[{""resourceId"": ""5f286c81-7bdd-4a77-afd3-2d16f1d8d77a"", ""ontologyProperty"": """", ""resourceXresourceId"": ""cfb9ed75-8081-4f2a-91e0-7687777116d2"", ""inverseOntologyProperty"": """"}]"
dcc9188a-6856-50f7-b147-658bdb097ba6,e73_ChangeHistoryRelations,1,"[{""resourceId"": ""8810e8a2-fe1a-4c50-8d46-42279dd702fa"", ""ontologyProperty"": """", ""resourceXresourceId"": ""2271e9f8-1e0b-4f0a-9662-8699ad8a2504"", ""inverseOntologyProperty"": """"}]"
de60bf3e-8106-5377-b9d7-dfd48da0c477,e73_ChangeHistoryRelations,1,"[{""resourceId"": ""e749a2d9-0e42-4c7e-8ee4-69d85c7536d8"", ""ontologyProperty"": """", ""resourceXresourceId"": ""49a7b256-65f6-4ea4-ac5f-1a8c65b0c2a2"", ""inverseOntologyProperty"": """"}]"
e272703b-d5a8-58f6-99cc-7b327f7488d7,e73_ChangeHistoryRelations,1,"[{""resourceId"": ""034c46c6-de34-4140-b597-458f56c33e20"", ""ontologyProperty"": """", ""resourceXresourceId"": ""2d92fc57-581d-4a9d-b8bc-29a3db88e091"", ""inverseOntologyProperty"": """"}]"
e322f4c8-b54e-5bc7-b1a5-82271b976183,e73_ChangeHistoryRelations,1,"[{""resourceId"": ""7f142302-6a8a-4b65-b41d-4ceb8171526b"", ""ontologyProperty"": """", ""resourceXresourceId"": ""c5652b1a-1fc3-4f8a-804b-95f60eff0073"", ""inverseOntologyProperty"": """"}]"
e3703fe5-15c2-517f-afc9-62c6281816db,e73_ChangeHistoryRelations,1,"[{""resourceId"": ""6269832c-06b6-4982-91dd-10fad649bf38"", ""ontologyProperty"": """", ""resourceXresourceId"": ""252c58e3-1c27-443e-a0ae-dd19dc350973"", ""inverseOntologyProperty"": """"}]"
e379bea5-acc2-56b7-b925-c86833e5e0f7,e73_ChangeHistoryRelations,1,"[{""resourceId"": ""aadd7b58-8498-4dba-b8fb-ede756c2f6a8"", ""ontologyProperty"": """", ""resourceXresourceId"": ""be52a2e6-3862-448a-bdd0-8c8eef62dea4"", ""inverseOntologyProperty"": """"}]"
ea9728e0-875d-55d4-ac4b-03c5125b6707,e73_ChangeHistoryRelations,1,"[{""resourceId"": ""acd437a1-6c53-4bb1-add8-4b29f6553330"", ""ontologyProperty"": """", ""resourceXresourceId"": ""00ac3d13-6cf1-4f2e-ad62-3acf6dc97f90"", ""inverseOntologyProperty"": """"}]"
eb9f60d8-3e27-5471-a2dd-90e2c3182af8,e73_ChangeHistoryRelations,1,"[{""resourceId"": ""3cad80f3-9281-4070-8523-1d8998b16b81"", ""ontologyProperty"": """", ""resourceXresourceId"": ""2bb7262f-801d-4ea4-90fa-a09afe897f2c"", ""inverseOntologyProperty"": """"}]"
ebb4dff4-5d75-5bc4-a4ec-68ac9960ebd9,e73_ChangeHistoryRelations,1,"[{""resourceId"": ""1a829624-e201-40e5-8c1a-bb308732395a"", ""ontologyProperty"": """", ""resourceXresourceId"": ""a4bb3d46-82f5-46ec-864a-8e0ca2adaa94"", ""inverseOntologyProperty"": """"}]"
ec155823-5b37-5cd0-81b6-32f91ae379ad,e73_ChangeHistoryRelations,1,"[{""resourceId"": ""62095b6e-dd96-4c9d-9460-176788cf165a"", ""ontologyProperty"": """", ""resourceXresourceId"": ""afce6493-5347-44a8-8fe0-2c4e57d67b1a"", ""inverseOntologyProperty"": """"}]"
f022dc4f-36b1-5a66-80aa-9944797a9e37,e73_ChangeHistoryRelations,1,"[{""resourceId"": ""39d0f9fe-6f53-4ff1-8701-7e19032a47e8"", ""ontologyProperty"": """", ""resourceXresourceId"": ""0fa7ff4c-6771-4f89-9ef6-54a6118af764"", ""inverseOntologyProperty"": """"}]"
f1acf235-9a61-5cf4-b3ee-4201be5ae731,e73_ChangeHistoryRelations,1,"[{""resourceId"": ""4db384dc-7991-4689-b732-8421e62b1fdd"", ""ontologyProperty"": """", ""resourceXresourceId"": ""99aa6025-6961-43a2-ba16-2022666c46b3"", ""inverseOntologyProperty"": """"}]"
f302ed82-628d-5aed-9fff-5b5988d4b907,e73_ChangeHistoryRelations,1,"[{""resourceId"": ""6c42f563-443c-45ea-b4b6-32ac4f69ef93"", ""ontologyProperty"": """", ""resourceXresourceId"": ""3d071b3c-ffa5-4cb1-9866-84713f64ec46"", ""inverseOntologyProperty"": """"}]"
f6735e38-fcf9-526b-a8fd-9c717dd0689f,e73_ChangeHistoryRelations,1,"[{""resourceId"": ""ac89b443-c6b1-4204-ae00-940ddce7d047"", ""ontologyProperty"": """", ""resourceXresourceId"": ""1d1e0cfc-1354-42a9-8338-e186e24b51fc"", ""inverseOntologyProperty"": """"}]"
