ResourceID,card,source_value,Dimension Value,Dimension Type,Dimension Measurement Unit
b55f8960-5ee5-59fd-88f5-7a8c3c92e0b2,e22_Dimensions,104 x 164 mm,104,hoogte,millimeters
b55f8960-5ee5-59fd-88f5-7a8c3c92e0b2,e22_Dimensions,104 x 164 mm,164,breedte,millimeters
6bd190f4-1853-589f-9ca1-4cd9a512b277,e22_Dimensions,104 x 130 mm,104,hoogte,millimeters
6bd190f4-1853-589f-9ca1-4cd9a512b277,e22_Dimensions,104 x 130 mm,130,breedte,millimeters
f88733b4-7a74-5fa4-9d32-2e17575faa7b,e22_Dimensions,215 x 134 mm,215,hoogte,millimeters
f88733b4-7a74-5fa4-9d32-2e17575faa7b,e22_Dimensions,215 x 134 mm,134,breedte,millimeters
03e4637b-85a7-56bb-a14e-79f36c830407,e22_Dimensions,225 x 174 mm,225,hoogte,millimeters
03e4637b-85a7-56bb-a14e-79f36c830407,e22_Dimensions,225 x 174 mm,174,breedte,millimeters
52519509-91f6-51ff-b3f7-41a02116d2e7,e22_Dimensions,203 x 162 mm,203,hoogte,millimeters
52519509-91f6-51ff-b3f7-41a02116d2e7,e22_Dimensions,203 x 162 mm,162,breedte,millimeters
66461767-c6e9-5183-8ed0-53031e25ab9c,e22_Dimensions,105 x 139 mm,105,hoogte,millimeters
66461767-c6e9-5183-8ed0-53031e25ab9c,e22_Dimensions,105 x 139 mm,139,breedte,millimeters
43041bc9-a42e-59b2-9bca-dbabb16059b9,e22_Dimensions,271 x 208 mm,271,hoogte,millimeters
43041bc9-a42e-59b2-9bca-dbabb16059b9,e22_Dimensions,271 x 208 mm,208,breedte,millimeters
ec82374f-68ed-587e-89c7-8d657c97fad2,e22_Dimensions,261 x 196 mm,261,hoogte,millimeters
ec82374f-68ed-587e-89c7-8d657c97fad2,e22_Dimensions,261 x 196 mm,196,breedte,millimeters
39634300-2e08-57c7-86c1-c80ade0e45e4,e22_Dimensions,272 x 203 mm,272,hoogte,millimeters
39634300-2e08-57c7-86c1-c80ade0e45e4,e22_Dimensions,272 x 203 mm,203,breedte,millimeters
31283184-f32e-5752-acee-dfa5c3c2ffe0,e22_Dimensions,275 x 200 mm,275,hoogte,millimeters
31283184-f32e-5752-acee-dfa5c3c2ffe0,e22_Dimensions,275 x 200 mm,200,breedte,millimeters
82ddac49-d293-5ad1-b8b2-f47291aeeea2,e22_Dimensions,276 x 212 mm,276,hoogte,millimeters
82ddac49-d293-5ad1-b8b2-f47291aeeea2,e22_Dimensions,276 x 212 mm,212,breedte,millimeters
c32e2e17-6445-5129-9fa2-faf944ca4c3f,e22_Dimensions,146 x 219 mm,146,hoogte,millimeters
c32e2e17-6445-5129-9fa2-faf944ca4c3f,e22_Dimensions,146 x 219 mm,219,breedte,millimeters
ad3e5605-4fcb-57b3-99cf-4315b9fc8f11,e22_Dimensions,138 x 214 mm,138,hoogte,millimeters
ad3e5605-4fcb-57b3-99cf-4315b9fc8f11,e22_Dimensions,138 x 214 mm,214,breedte,millimeters
3bb41ecf-4b77-5b58-ba1d-857b2294033f,e22_Dimensions,58 x 95 mm,58,hoogte,millimeters
3bb41ecf-4b77-5b58-ba1d-857b2294033f,e22_Dimensions,58 x 95 mm,95,breedte,millimeters
cacfe543-304c-5905-9679-60c5fdf3537f,e22_Dimensions,110 x 217 mm,110,hoogte,millimeters
cacfe543-304c-5905-9679-60c5fdf3537f,e22_Dimensions,110 x 217 mm,217,breedte,millimeters
64f0f355-c885-5e6d-bbff-7a33eafcf2b0,e22_Dimensions,110 x 217 mm,110,hoogte,millimeters
64f0f355-c885-5e6d-bbff-7a33eafcf2b0,e22_Dimensions,110 x 217 mm,217,breedte,millimeters
ad6fc4d5-cbbb-5b4f-b012-9b2fad8fb07c,e22_Dimensions,116 x 241 mm,116,hoogte,millimeters
ad6fc4d5-cbbb-5b4f-b012-9b2fad8fb07c,e22_Dimensions,116 x 241 mm,241,breedte,millimeters
52713c0b-06fb-5d6d-9ce3-1942d28562eb,e22_Dimensions,360 x 233 mm,360,hoogte,millimeters
52713c0b-06fb-5d6d-9ce3-1942d28562eb,e22_Dimensions,360 x 233 mm,233,breedte,millimeters
b68a3c8f-ca33-5a1d-8cf9-44ac3241ba2a,e22_Dimensions,343 x 217 mm,343,hoogte,millimeters
b68a3c8f-ca33-5a1d-8cf9-44ac3241ba2a,e22_Dimensions,343 x 217 mm,217,breedte,millimeters
55732d1a-e5f9-5ffc-9bc5-97984bfefac1,e22_Dimensions,339 x 211 mm,339,hoogte,millimeters
55732d1a-e5f9-5ffc-9bc5-97984bfefac1,e22_Dimensions,339 x 211 mm,211,breedte,millimeters
4bc1f677-5dfb-5303-b2f5-cbffeb84c530,e22_Dimensions,45 x 83 mm,45,hoogte,millimeters
4bc1f677-5dfb-5303-b2f5-cbffeb84c530,e22_Dimensions,45 x 83 mm,83,breedte,millimeters
b0771155-f12c-5e03-8138-7b89dcef0d2c,e22_Dimensions,203 x 255 mm,203,hoogte,millimeters
b0771155-f12c-5e03-8138-7b89dcef0d2c,e22_Dimensions,203 x 255 mm,255,breedte,millimeters
926ae845-ce4c-53c4-834e-c655edd31184,e22_Dimensions,129 x 192 mm,129,hoogte,millimeters
926ae845-ce4c-53c4-834e-c655edd31184,e22_Dimensions,129 x 192 mm,192,breedte,millimeters
af8ff991-c2ca-5569-8728-ffec3363ebe3,e22_Dimensions,309 x 191 mm,309,hoogte,millimeters
af8ff991-c2ca-5569-8728-ffec3363ebe3,e22_Dimensions,309 x 191 mm,191,breedte,millimeters
7c720b83-9b7a-5caa-b0a2-8c4f03bda5bf,e22_Dimensions,345 x 430 mm,345,hoogte,millimeters
7c720b83-9b7a-5caa-b0a2-8c4f03bda5bf,e22_Dimensions,345 x 430 mm,430,breedte,millimeters
613e2555-cca9-5352-8b6c-194592251544,e22_Dimensions,340 x 211 mm,340,hoogte,millimeters
613e2555-cca9-5352-8b6c-194592251544,e22_Dimensions,340 x 211 mm,211,breedte,millimeters
c6003b5b-752b-55a3-a09b-3eacaecf40fc,e22_Dimensions,209 x 168 mm,209,hoogte,millimeters
c6003b5b-752b-55a3-a09b-3eacaecf40fc,e22_Dimensions,209 x 168 mm,168,breedte,millimeters
ebfe480f-d47c-5e85-8e4b-a392f93b56c6,e22_Dimensions,278 x 218 mm,278,hoogte,millimeters
ebfe480f-d47c-5e85-8e4b-a392f93b56c6,e22_Dimensions,278 x 218 mm,218,breedte,millimeters
e74e26e3-94de-55ef-ab62-8c1dc71facef,e22_Dimensions,276 x 214 mm,276,hoogte,millimeters
e74e26e3-94de-55ef-ab62-8c1dc71facef,e22_Dimensions,276 x 214 mm,214,breedte,millimeters
a7e666b1-8ab4-58dd-bd60-e36f1857c13c,e22_Dimensions,213 x 270 mm,213,hoogte,millimeters
a7e666b1-8ab4-58dd-bd60-e36f1857c13c,e22_Dimensions,213 x 270 mm,270,breedte,millimeters
6081eaf9-558c-5607-92dc-04d8aa5897a0,e22_Dimensions,213 x 270 mm,213,hoogte,millimeters
6081eaf9-558c-5607-92dc-04d8aa5897a0,e22_Dimensions,213 x 270 mm,270,breedte,millimeters
40826350-1b02-5180-ac0b-493757181ae6,e22_Dimensions,277 x 219 mm,277,hoogte,millimeters
40826350-1b02-5180-ac0b-493757181ae6,e22_Dimensions,277 x 219 mm,219,breedte,millimeters
16fdf550-a558-5c59-b552-9e20923211a7,e22_Dimensions,277 x 219 mm,277,hoogte,millimeters
16fdf550-a558-5c59-b552-9e20923211a7,e22_Dimensions,277 x 219 mm,219,breedte,millimeters
2881a1ec-803b-569d-90c9-02e840292404,e22_Dimensions,277 x 219 mm,277,hoogte,millimeters
2881a1ec-803b-569d-90c9-02e840292404,e22_Dimensions,277 x 219 mm,219,breedte,millimeters
200b78aa-59d1-5d48-a3e9-a9698441da3e,e22_Dimensions,277 x 219 mm,277,hoogte,millimeters
200b78aa-59d1-5d48-a3e9-a9698441da3e,e22_Dimensions,277 x 219 mm,219,breedte,millimeters
17adbd28-c62d-5c4a-91c2-e7973e7f0fd8,e22_Dimensions,278 x 219 mm,278,hoogte,millimeters
17adbd28-c62d-5c4a-91c2-e7973e7f0fd8,e22_Dimensions,278 x 219 mm,219,breedte,millimeters
16ea225c-79b9-5577-b04b-7c7734dcef32,e22_Dimensions,278 x 218 mm,278,hoogte,millimeters
16ea225c-79b9-5577-b04b-7c7734dcef32,e22_Dimensions,278 x 218 mm,218,breedte,millimeters
cd33b542-3106-54f0-8790-a0b54f937bdb,e22_Dimensions,278 x 219 mm,278,hoogte,millimeters
cd33b542-3106-54f0-8790-a0b54f937bdb,e22_Dimensions,278 x 219 mm,219,breedte,millimeters
bfc75250-e8b3-5d84-b94d-9379c1e099ff,e22_Dimensions,134 x 209 mm,134,hoogte,millimeters
bfc75250-e8b3-5d84-b94d-9379c1e099ff,e22_Dimensions,134 x 209 mm,209,breedte,millimeters
39dc7318-2b09-5a7a-9b96-6be399d98963,e22_Dimensions,108 x 140 mm,108,hoogte,millimeters
39dc7318-2b09-5a7a-9b96-6be399d98963,e22_Dimensions,108 x 140 mm,140,breedte,millimeters
f664b0be-e2de-5c60-a369-b59445e5bc0e,e22_Dimensions,340 x 215 mm,340,hoogte,millimeters
f664b0be-e2de-5c60-a369-b59445e5bc0e,e22_Dimensions,340 x 215 mm,215,breedte,millimeters
b87bdabb-02a1-5d70-b4b6-36424dd65868,e22_Dimensions,137 x 189 mm,137,hoogte,millimeters
b87bdabb-02a1-5d70-b4b6-36424dd65868,e22_Dimensions,137 x 189 mm,189,breedte,millimeters
d8d85fc0-9e54-535d-856e-db378422ab52,e22_Dimensions,167 x 211 mm,167,hoogte,millimeters
d8d85fc0-9e54-535d-856e-db378422ab52,e22_Dimensions,167 x 211 mm,211,breedte,millimeters
acb05eb8-b42c-54e5-8ebe-ee2cce55dae0,e22_Dimensions,167 x 211 mm,167,hoogte,millimeters
acb05eb8-b42c-54e5-8ebe-ee2cce55dae0,e22_Dimensions,167 x 211 mm,211,breedte,millimeters
9710f729-049f-5d1a-a298-4ae1e56f1a9d,e22_Dimensions,274 x 219 mm,274,hoogte,millimeters
9710f729-049f-5d1a-a298-4ae1e56f1a9d,e22_Dimensions,274 x 219 mm,219,breedte,millimeters
ce605f59-404a-5c23-a8ce-8c954c9c8145,e22_Dimensions,274 x 212 mm,274,hoogte,millimeters
ce605f59-404a-5c23-a8ce-8c954c9c8145,e22_Dimensions,274 x 212 mm,212,breedte,millimeters
46e853d2-29f4-57b5-b107-bff761144d70,e22_Dimensions,280 x 217 mm,280,hoogte,millimeters
46e853d2-29f4-57b5-b107-bff761144d70,e22_Dimensions,280 x 217 mm,217,breedte,millimeters
d6a0a077-1ab3-5f47-a310-14e003d32cb5,e22_Dimensions,281 x 218 mm,281,hoogte,millimeters
d6a0a077-1ab3-5f47-a310-14e003d32cb5,e22_Dimensions,281 x 218 mm,218,breedte,millimeters
a39d2554-024b-53c7-8137-dd20a621aa6a,e22_Dimensions,180 x 205 mm,180,hoogte,millimeters
a39d2554-024b-53c7-8137-dd20a621aa6a,e22_Dimensions,180 x 205 mm,205,breedte,millimeters
453127f6-9b63-5d18-8c75-088d79912275,e22_Dimensions,264 x 171 mm,264,hoogte,millimeters
453127f6-9b63-5d18-8c75-088d79912275,e22_Dimensions,264 x 171 mm,171,breedte,millimeters
f0dd8933-0aa8-5ee4-9b3c-de811759b4fd,e22_Dimensions,242 x 215 mm,242,hoogte,millimeters
f0dd8933-0aa8-5ee4-9b3c-de811759b4fd,e22_Dimensions,242 x 215 mm,215,breedte,millimeters
532a1086-d22c-5e74-a33f-42e58c771728,e22_Dimensions,265 x 211 mm,265,hoogte,millimeters
532a1086-d22c-5e74-a33f-42e58c771728,e22_Dimensions,265 x 211 mm,211,breedte,millimeters
31db27b6-5bf3-51da-86c2-a4aafdbcce02,e22_Dimensions,274 x 216 mm,274,hoogte,millimeters
31db27b6-5bf3-51da-86c2-a4aafdbcce02,e22_Dimensions,274 x 216 mm,216,breedte,millimeters
791ce149-5c2b-528f-a863-80bc7c4c05ce,e22_Dimensions,273 x 216 mm,273,hoogte,millimeters
791ce149-5c2b-528f-a863-80bc7c4c05ce,e22_Dimensions,273 x 216 mm,216,breedte,millimeters
42d794a4-c4ab-5e7a-8e5d-7cc432c639b7,e22_Dimensions,273 x 212 mm,273,hoogte,millimeters
42d794a4-c4ab-5e7a-8e5d-7cc432c639b7,e22_Dimensions,273 x 212 mm,212,breedte,millimeters
ac173f3e-8686-522f-822f-65da8b62f45c,e22_Dimensions,278 x 214 mm,278,hoogte,millimeters
ac173f3e-8686-522f-822f-65da8b62f45c,e22_Dimensions,278 x 214 mm,214,breedte,millimeters
0ced21dc-67bf-5d73-8344-d7c3172d51d8,e22_Dimensions,181 x 218 mm,181,hoogte,millimeters
0ced21dc-67bf-5d73-8344-d7c3172d51d8,e22_Dimensions,181 x 218 mm,218,breedte,millimeters
50ceec1d-936b-5223-a228-891c37295e52,e22_Dimensions,333 x 211 mm,333,hoogte,millimeters
50ceec1d-936b-5223-a228-891c37295e52,e22_Dimensions,333 x 211 mm,211,breedte,millimeters
848c767a-5e09-568d-84ac-2171a43ef2ff,e22_Dimensions,216 x 178 mm,216,hoogte,millimeters
848c767a-5e09-568d-84ac-2171a43ef2ff,e22_Dimensions,216 x 178 mm,178,breedte,millimeters
6cac3c53-c74f-586c-91b3-26062c8dece5,e22_Dimensions,212 x 139 mm,212,hoogte,millimeters
6cac3c53-c74f-586c-91b3-26062c8dece5,e22_Dimensions,212 x 139 mm,139,breedte,millimeters
c368cca2-6db5-579f-8f53-6924337edd97,e22_Dimensions,124 x 180 mm,124,hoogte,millimeters
c368cca2-6db5-579f-8f53-6924337edd97,e22_Dimensions,124 x 180 mm,180,breedte,millimeters
6dbbc865-b9ab-5c4c-9434-6758f0a4d740,e22_Dimensions,146 x 211 mm,146,hoogte,millimeters
6dbbc865-b9ab-5c4c-9434-6758f0a4d740,e22_Dimensions,146 x 211 mm,211,breedte,millimeters
900a1849-6553-5eb7-9e73-81e9fdeadc30,e22_Dimensions,150 x 216 mm,150,hoogte,millimeters
900a1849-6553-5eb7-9e73-81e9fdeadc30,e22_Dimensions,150 x 216 mm,216,breedte,millimeters
55f324c7-820f-56ae-b6f5-923104d9831a,e22_Dimensions,209 x 139 mm,209,hoogte,millimeters
55f324c7-820f-56ae-b6f5-923104d9831a,e22_Dimensions,209 x 139 mm,139,breedte,millimeters
cf4c3a10-d582-5659-af09-9be8f581441c,e22_Dimensions,215 x 140 mm,215,hoogte,millimeters
cf4c3a10-d582-5659-af09-9be8f581441c,e22_Dimensions,215 x 140 mm,140,breedte,millimeters
c0a2fe20-85e6-5001-b89b-09a59490c24d,e22_Dimensions,173 x 263 mm,173,hoogte,millimeters
c0a2fe20-85e6-5001-b89b-09a59490c24d,e22_Dimensions,173 x 263 mm,263,breedte,millimeters
9ef7dfbb-91f4-565a-9778-06a6218e4f18,e22_Dimensions,148 x 223 mm,148,hoogte,millimeters
9ef7dfbb-91f4-565a-9778-06a6218e4f18,e22_Dimensions,148 x 223 mm,223,breedte,millimeters
da93969a-9b2d-57cb-b7a5-a5095b55d562,e22_Dimensions,200 x 235 mm,200,hoogte,millimeters
da93969a-9b2d-57cb-b7a5-a5095b55d562,e22_Dimensions,200 x 235 mm,235,breedte,millimeters
f33ccad8-05e0-52a9-8eaf-e1040b59ce33,e22_Dimensions,137 x 214 mm,137,hoogte,millimeters
f33ccad8-05e0-52a9-8eaf-e1040b59ce33,e22_Dimensions,137 x 214 mm,214,breedte,millimeters
f8bd3003-7f70-5219-8c4b-447da7801fef,e22_Dimensions,56 x 96 mm,56,hoogte,millimeters
f8bd3003-7f70-5219-8c4b-447da7801fef,e22_Dimensions,56 x 96 mm,96,breedte,millimeters
a689281c-ccfb-5b4d-b28c-f1bf3130c8ff,e22_Dimensions,95 x 62 mm,95,hoogte,millimeters
a689281c-ccfb-5b4d-b28c-f1bf3130c8ff,e22_Dimensions,95 x 62 mm,62,breedte,millimeters
4ce7b34b-d496-5ab6-b14d-b8dc7b1585c3,e22_Dimensions,116 x 74 mm,116,hoogte,millimeters
4ce7b34b-d496-5ab6-b14d-b8dc7b1585c3,e22_Dimensions,116 x 74 mm,74,breedte,millimeters
2cd221b1-3c8d-5832-a624-ea58153153fc,e22_Dimensions,291 x 112 mm,291,hoogte,millimeters
2cd221b1-3c8d-5832-a624-ea58153153fc,e22_Dimensions,291 x 112 mm,112,breedte,millimeters
2259aad3-ca05-5180-a684-1726b89be913,e22_Dimensions,249 x 177 mm,249,hoogte,millimeters
2259aad3-ca05-5180-a684-1726b89be913,e22_Dimensions,249 x 177 mm,177,breedte,millimeters
268e406e-6525-5782-b2da-0d76cc8657b3,e22_Dimensions,127 x 202 mm,127,hoogte,millimeters
268e406e-6525-5782-b2da-0d76cc8657b3,e22_Dimensions,127 x 202 mm,202,breedte,millimeters
1c48a847-afc7-5397-952e-1e29afa72022,e22_Dimensions,204 x 123 mm,204,hoogte,millimeters
1c48a847-afc7-5397-952e-1e29afa72022,e22_Dimensions,204 x 123 mm,123,breedte,millimeters
97ba37de-55f5-57ce-ad51-8119e6255eda,e22_Dimensions,150 x 100 mm,150,hoogte,millimeters
97ba37de-55f5-57ce-ad51-8119e6255eda,e22_Dimensions,150 x 100 mm,100,breedte,millimeters
0f9cccc8-1993-557c-b3cf-3ef70636c964,e22_Dimensions,133 x 87 mm,133,hoogte,millimeters
0f9cccc8-1993-557c-b3cf-3ef70636c964,e22_Dimensions,133 x 87 mm,87,breedte,millimeters
3da1ad01-5e06-55f2-ad24-7f20c2639d45,e22_Dimensions,223 x 186 mm,223,hoogte,millimeters
3da1ad01-5e06-55f2-ad24-7f20c2639d45,e22_Dimensions,223 x 186 mm,186,breedte,millimeters
7822590f-8f95-5a0c-8189-b382946f3e22,e22_Dimensions,77 x 101 mm,77,hoogte,millimeters
7822590f-8f95-5a0c-8189-b382946f3e22,e22_Dimensions,77 x 101 mm,101,breedte,millimeters
b3aeb7dc-2e3c-599d-ab86-ef631603d2af,e22_Dimensions,196 x 161 mm,196,hoogte,millimeters
b3aeb7dc-2e3c-599d-ab86-ef631603d2af,e22_Dimensions,196 x 161 mm,161,breedte,millimeters
6af047a7-8e0c-53e4-a773-805c838fd006,e22_Dimensions,211 x 137 mm,211,hoogte,millimeters
6af047a7-8e0c-53e4-a773-805c838fd006,e22_Dimensions,211 x 137 mm,137,breedte,millimeters
bdf471e1-748a-5f64-ba1d-67635bb191c4,e22_Dimensions,213 x 134 mm,213,hoogte,millimeters
bdf471e1-748a-5f64-ba1d-67635bb191c4,e22_Dimensions,213 x 134 mm,134,breedte,millimeters
6de1e553-ea7f-507f-ae24-cac06494070a,e22_Dimensions,134 x 102 mm,134,hoogte,millimeters
6de1e553-ea7f-507f-ae24-cac06494070a,e22_Dimensions,134 x 102 mm,102,breedte,millimeters
09052def-26e6-5d99-b79e-b030d0d496d1,e22_Dimensions,212 x 135 mm,212,hoogte,millimeters
09052def-26e6-5d99-b79e-b030d0d496d1,e22_Dimensions,212 x 135 mm,135,breedte,millimeters
aa06c6ad-619c-5b4c-b967-0d62f2ad0900,e22_Dimensions,135 x 211 mm,135,hoogte,millimeters
aa06c6ad-619c-5b4c-b967-0d62f2ad0900,e22_Dimensions,135 x 211 mm,211,breedte,millimeters
96240b4f-302d-587d-880e-d859f603eaec,e22_Dimensions,266 x 355 mm,266,hoogte,millimeters
96240b4f-302d-587d-880e-d859f603eaec,e22_Dimensions,266 x 355 mm,355,breedte,millimeters
7ddc9d0f-6eb7-5973-8f26-b5388322a64d,e22_Dimensions,178 x 226 mm,178,hoogte,millimeters
7ddc9d0f-6eb7-5973-8f26-b5388322a64d,e22_Dimensions,178 x 226 mm,226,breedte,millimeters
19a928ce-384c-5950-9f66-aff236631d53,e22_Dimensions,"137 x 211,2 mm",137,hoogte,millimeters
19a928ce-384c-5950-9f66-aff236631d53,e22_Dimensions,"137 x 211,2 mm","211,2",breedte,millimeters
0e868a89-1da8-534a-bcbd-be9849ce6df6,e22_Dimensions,133 x 123 mm,133,hoogte,millimeters
0e868a89-1da8-534a-bcbd-be9849ce6df6,e22_Dimensions,133 x 123 mm,123,breedte,millimeters
6f1864a9-eada-5f73-bea6-5483539a4ad0,e22_Dimensions,101 x 127 mm,101,hoogte,millimeters
6f1864a9-eada-5f73-bea6-5483539a4ad0,e22_Dimensions,101 x 127 mm,127,breedte,millimeters
9d19defb-127d-5313-b609-802cb7408c7a,e22_Dimensions,202 x 123 mm,202,hoogte,millimeters
9d19defb-127d-5313-b609-802cb7408c7a,e22_Dimensions,202 x 123 mm,123,breedte,millimeters
db466b6c-499e-5871-ae2f-7dab2a4de216,e22_Dimensions,115 x 182 mm,115,hoogte,millimeters
db466b6c-499e-5871-ae2f-7dab2a4de216,e22_Dimensions,115 x 182 mm,182,breedte,millimeters
5bed484c-6203-5738-ab11-d2a351f9c38b,e22_Dimensions,240 x 150 mm,240,hoogte,millimeters
5bed484c-6203-5738-ab11-d2a351f9c38b,e22_Dimensions,240 x 150 mm,150,breedte,millimeters
e207c16c-f087-5901-baf4-ea5791d0a1b3,e22_Dimensions,41 x 77 mm,41,hoogte,millimeters
e207c16c-f087-5901-baf4-ea5791d0a1b3,e22_Dimensions,41 x 77 mm,77,breedte,millimeters
85ae7137-f532-57c0-b555-7735245bd5bf,e22_Dimensions,95 x 125 mm,95,hoogte,millimeters
85ae7137-f532-57c0-b555-7735245bd5bf,e22_Dimensions,95 x 125 mm,125,breedte,millimeters
f2b51134-d1c1-5f3d-bab2-1e3839410334,e22_Dimensions,44 x 61 mm,44,hoogte,millimeters
f2b51134-d1c1-5f3d-bab2-1e3839410334,e22_Dimensions,44 x 61 mm,61,breedte,millimeters
4390c3da-4d2f-5dd2-9011-cb27126b8ed7,e22_Dimensions,125 x 75 mm,125,hoogte,millimeters
4390c3da-4d2f-5dd2-9011-cb27126b8ed7,e22_Dimensions,125 x 75 mm,75,breedte,millimeters
52af441f-67ff-5e97-95ef-82b0dfa5dc68,e22_Dimensions,84 x 183 mm,84,hoogte,millimeters
52af441f-67ff-5e97-95ef-82b0dfa5dc68,e22_Dimensions,84 x 183 mm,183,breedte,millimeters
8d15bf4d-1d74-5a90-ac6f-0536bc7905a2,e22_Dimensions,251 x 177 mm,251,hoogte,millimeters
8d15bf4d-1d74-5a90-ac6f-0536bc7905a2,e22_Dimensions,251 x 177 mm,177,breedte,millimeters
2a767980-91bf-5ec7-88d7-ff56d749e1e1,e22_Dimensions,226 x 166 mm,226,hoogte,millimeters
2a767980-91bf-5ec7-88d7-ff56d749e1e1,e22_Dimensions,226 x 166 mm,166,breedte,millimeters
99653bf6-4f4e-5041-9fee-8c23f9ea8143,e22_Dimensions,228 x 284 mm,228,hoogte,millimeters
99653bf6-4f4e-5041-9fee-8c23f9ea8143,e22_Dimensions,228 x 284 mm,284,breedte,millimeters
1ad7940d-d021-5cc9-8925-a3c6257b3437,e22_Dimensions,86 x 130 mm,86,hoogte,millimeters
1ad7940d-d021-5cc9-8925-a3c6257b3437,e22_Dimensions,86 x 130 mm,130,breedte,millimeters
abde6589-d151-54ed-a631-5ea1d31ec8ec,e22_Dimensions,210 x 271 mm,210,hoogte,millimeters
abde6589-d151-54ed-a631-5ea1d31ec8ec,e22_Dimensions,210 x 271 mm,271,breedte,millimeters
24eda292-f177-5ead-831d-19b9e518638b,e22_Dimensions,90 x 68 mm,90,hoogte,millimeters
24eda292-f177-5ead-831d-19b9e518638b,e22_Dimensions,90 x 68 mm,68,breedte,millimeters
c24c51bc-954c-51b8-943a-199225d8e520,e22_Dimensions,148 x 680 mm,148,hoogte,millimeters
c24c51bc-954c-51b8-943a-199225d8e520,e22_Dimensions,148 x 680 mm,680,breedte,millimeters
3299b50f-4034-5809-8a1f-7997997b6e2f,e22_Dimensions,288 x 217 mm,288,hoogte,millimeters
3299b50f-4034-5809-8a1f-7997997b6e2f,e22_Dimensions,288 x 217 mm,217,breedte,millimeters
24617713-e3c4-5f12-b314-aaa0bdb307bf,e22_Dimensions,53 x 90 mm,53,hoogte,millimeters
24617713-e3c4-5f12-b314-aaa0bdb307bf,e22_Dimensions,53 x 90 mm,90,breedte,millimeters
6b90b573-8ebe-51e0-acf5-7715d12dbcaf,e22_Dimensions,214 x 343 mm,214,hoogte,millimeters
6b90b573-8ebe-51e0-acf5-7715d12dbcaf,e22_Dimensions,214 x 343 mm,343,breedte,millimeters
70492b6b-e7eb-5977-85d1-5cb950f70548,e22_Dimensions,214 x 343 mm,214,hoogte,millimeters
70492b6b-e7eb-5977-85d1-5cb950f70548,e22_Dimensions,214 x 343 mm,343,breedte,millimeters
1225d2c6-ae14-534c-b23f-9bb9d81bf370,e22_Dimensions,214 x 343 mm,214,hoogte,millimeters
1225d2c6-ae14-534c-b23f-9bb9d81bf370,e22_Dimensions,214 x 343 mm,343,breedte,millimeters
3cae6da1-00c8-5157-958c-bed21e032939,e22_Dimensions,214 x 343 mm,214,hoogte,millimeters
3cae6da1-00c8-5157-958c-bed21e032939,e22_Dimensions,214 x 343 mm,343,breedte,millimeters
14f60fcf-e046-541d-b6b9-a0ea2fe4d7a9,e22_Dimensions,214 x 343 mm,214,hoogte,millimeters
14f60fcf-e046-541d-b6b9-a0ea2fe4d7a9,e22_Dimensions,214 x 343 mm,343,breedte,millimeters
c68a31e5-f476-5ff8-8953-265daa26d392,e22_Dimensions,214 x 343 mm,214,hoogte,millimeters
c68a31e5-f476-5ff8-8953-265daa26d392,e22_Dimensions,214 x 343 mm,343,breedte,millimeters
da27b447-e317-5c70-a413-a01ab52640c3,e22_Dimensions,268 x 412 mm,268,hoogte,millimeters
da27b447-e317-5c70-a413-a01ab52640c3,e22_Dimensions,268 x 412 mm,412,breedte,millimeters
f7cec6a7-819e-58e6-aa80-2aabe335a6d8,e22_Dimensions,230 x 300 mm,230,hoogte,millimeters
f7cec6a7-819e-58e6-aa80-2aabe335a6d8,e22_Dimensions,230 x 300 mm,300,breedte,millimeters
e58f89be-da92-5234-adda-204c9b4ab038,e22_Dimensions,245 x 370 mm,245,hoogte,millimeters
e58f89be-da92-5234-adda-204c9b4ab038,e22_Dimensions,245 x 370 mm,370,breedte,millimeters
bb130f45-0b3b-5079-a75c-985e785c815c,e22_Dimensions,216 x 288 mm,216,hoogte,millimeters
bb130f45-0b3b-5079-a75c-985e785c815c,e22_Dimensions,216 x 288 mm,288,breedte,millimeters
2f751964-6d01-58b3-b82d-76fabdac181e,e22_Dimensions,162 x 220 mm,162,hoogte,millimeters
2f751964-6d01-58b3-b82d-76fabdac181e,e22_Dimensions,162 x 220 mm,220,breedte,millimeters
d3868d11-8b8d-5408-aea7-07b014f4cc2f,e22_Dimensions,180 x 130 mm,180,hoogte,millimeters
d3868d11-8b8d-5408-aea7-07b014f4cc2f,e22_Dimensions,180 x 130 mm,130,breedte,millimeters
9d0d1c72-e334-572f-8c54-2611947cc798,e22_Dimensions,116 x 184 mm,116,hoogte,millimeters
9d0d1c72-e334-572f-8c54-2611947cc798,e22_Dimensions,116 x 184 mm,184,breedte,millimeters
34ea6dc7-8dd0-58b1-9b4f-1275ee51f67c,e22_Dimensions,54 x 94 mm,54,hoogte,millimeters
34ea6dc7-8dd0-58b1-9b4f-1275ee51f67c,e22_Dimensions,54 x 94 mm,94,breedte,millimeters
99261f7e-2bb0-5100-ba1f-eedeb67e816f,e22_Dimensions,359 x 462 mm,359,hoogte,millimeters
99261f7e-2bb0-5100-ba1f-eedeb67e816f,e22_Dimensions,359 x 462 mm,462,breedte,millimeters
3261420f-fa95-5253-80dc-107299b8b524,e22_Dimensions,327 x 437 mm,327,hoogte,millimeters
3261420f-fa95-5253-80dc-107299b8b524,e22_Dimensions,327 x 437 mm,437,breedte,millimeters
be0fc51d-b1da-5adf-8485-ccda336b1cf4,e22_Dimensions,354 x 288 mm,354,hoogte,millimeters
be0fc51d-b1da-5adf-8485-ccda336b1cf4,e22_Dimensions,354 x 288 mm,288,breedte,millimeters
e49f59a6-245b-5048-82a8-e7560fca7e6c,e22_Dimensions,447 x 324 mm,447,hoogte,millimeters
e49f59a6-245b-5048-82a8-e7560fca7e6c,e22_Dimensions,447 x 324 mm,324,breedte,millimeters
276ac32f-6efb-5018-81e5-6c720c63ec86,e22_Dimensions,112 x 79 mm,112,hoogte,millimeters
276ac32f-6efb-5018-81e5-6c720c63ec86,e22_Dimensions,112 x 79 mm,79,breedte,millimeters
a760ecdc-ffd1-5020-9188-01fab16e8d7e,e22_Dimensions,110 x 63 mm,110,hoogte,millimeters
a760ecdc-ffd1-5020-9188-01fab16e8d7e,e22_Dimensions,110 x 63 mm,63,breedte,millimeters
d2b1e801-98c8-50f2-aada-311f9dcc076b,e22_Dimensions,111 x 71 mm,111,hoogte,millimeters
d2b1e801-98c8-50f2-aada-311f9dcc076b,e22_Dimensions,111 x 71 mm,71,breedte,millimeters
0b709b78-cc59-59d6-a0ea-0e08541230fa,e22_Dimensions,108 x 70 mm,108,hoogte,millimeters
0b709b78-cc59-59d6-a0ea-0e08541230fa,e22_Dimensions,108 x 70 mm,70,breedte,millimeters
6e7e86ee-6828-5f4c-887f-0e6df4a4e461,e22_Dimensions,102 x 64 mm,102,hoogte,millimeters
6e7e86ee-6828-5f4c-887f-0e6df4a4e461,e22_Dimensions,102 x 64 mm,64,breedte,millimeters
aa5b4284-4130-5738-b75b-41e78516e517,e22_Dimensions,104 x 66 mm,104,hoogte,millimeters
aa5b4284-4130-5738-b75b-41e78516e517,e22_Dimensions,104 x 66 mm,66,breedte,millimeters
9a28002b-ba44-5e42-8248-4056ae98f698,e22_Dimensions,102 x 66 mm,102,hoogte,millimeters
9a28002b-ba44-5e42-8248-4056ae98f698,e22_Dimensions,102 x 66 mm,66,breedte,millimeters
02762407-114b-52cb-b815-50e59376f1e2,e22_Dimensions,110 x 66 mm,110,hoogte,millimeters
02762407-114b-52cb-b815-50e59376f1e2,e22_Dimensions,110 x 66 mm,66,breedte,millimeters
a8a785b2-615d-5cb3-895c-879ac3d91c7a,e22_Dimensions,107 x 67 mm,107,hoogte,millimeters
a8a785b2-615d-5cb3-895c-879ac3d91c7a,e22_Dimensions,107 x 67 mm,67,breedte,millimeters
ae701dd1-11e4-5401-b13b-ea98289eb072,e22_Dimensions,102 x 67 mm,102,hoogte,millimeters
ae701dd1-11e4-5401-b13b-ea98289eb072,e22_Dimensions,102 x 67 mm,67,breedte,millimeters
b4440dbe-bb57-5d79-a39a-05a615a74af0,e22_Dimensions,94 x 65 mm,94,hoogte,millimeters
b4440dbe-bb57-5d79-a39a-05a615a74af0,e22_Dimensions,94 x 65 mm,65,breedte,millimeters
87faaec5-b87c-5dae-8262-c875a4343c99,e22_Dimensions,120 x 78 mm,120,hoogte,millimeters
87faaec5-b87c-5dae-8262-c875a4343c99,e22_Dimensions,120 x 78 mm,78,breedte,millimeters
9c7e7b2a-bdac-540e-a685-2fbfa433ca79,e22_Dimensions,108 x 72 mm,108,hoogte,millimeters
9c7e7b2a-bdac-540e-a685-2fbfa433ca79,e22_Dimensions,108 x 72 mm,72,breedte,millimeters
fe12775b-a1f5-59ef-8d82-84f9ec7d6d59,e22_Dimensions,110 x 71 mm,110,hoogte,millimeters
fe12775b-a1f5-59ef-8d82-84f9ec7d6d59,e22_Dimensions,110 x 71 mm,71,breedte,millimeters
5d1ded10-c07e-5977-85f8-c9a900ea95e5,e22_Dimensions,110 x 71 mm,110,hoogte,millimeters
5d1ded10-c07e-5977-85f8-c9a900ea95e5,e22_Dimensions,110 x 71 mm,71,breedte,millimeters
4f4bbd32-3cde-5475-b224-db3677001acc,e22_Dimensions,104 x 69 mm,104,hoogte,millimeters
4f4bbd32-3cde-5475-b224-db3677001acc,e22_Dimensions,104 x 69 mm,69,breedte,millimeters
4061ffc7-e7f6-56f4-9831-a00c3db2e494,e22_Dimensions,59 x 92 mm,59,hoogte,millimeters
4061ffc7-e7f6-56f4-9831-a00c3db2e494,e22_Dimensions,59 x 92 mm,92,breedte,millimeters
428d08bf-1d96-5650-9ff9-ce35c44d19ec,e22_Dimensions,38 x 77 mm,38,hoogte,millimeters
428d08bf-1d96-5650-9ff9-ce35c44d19ec,e22_Dimensions,38 x 77 mm,77,breedte,millimeters
edc08000-9da6-57c4-a4fc-8c14ebaafd1f,e22_Dimensions,103 x 66 mm,103,hoogte,millimeters
edc08000-9da6-57c4-a4fc-8c14ebaafd1f,e22_Dimensions,103 x 66 mm,66,breedte,millimeters
9322239b-d5aa-5637-b103-47cdc4452370,e22_Dimensions,103 x 66 mm,103,hoogte,millimeters
9322239b-d5aa-5637-b103-47cdc4452370,e22_Dimensions,103 x 66 mm,66,breedte,millimeters
47fcbe5a-26ca-5418-9835-57335a86221f,e22_Dimensions,108 x 66 mm,108,hoogte,millimeters
47fcbe5a-26ca-5418-9835-57335a86221f,e22_Dimensions,108 x 66 mm,66,breedte,millimeters
cbf9d6f1-891b-5760-b712-647aa6714646,e22_Dimensions,108 x 66 mm,108,hoogte,millimeters
cbf9d6f1-891b-5760-b712-647aa6714646,e22_Dimensions,108 x 66 mm,66,breedte,millimeters
549796a6-5207-51d5-8499-dd3bdab97743,e22_Dimensions,164 x 92 mm,164,hoogte,millimeters
549796a6-5207-51d5-8499-dd3bdab97743,e22_Dimensions,164 x 92 mm,92,breedte,millimeters
b712e8ac-aa1c-523b-812f-67f1e11c0eb8,e22_Dimensions,156 x 103 mm,156,hoogte,millimeters
b712e8ac-aa1c-523b-812f-67f1e11c0eb8,e22_Dimensions,156 x 103 mm,103,breedte,millimeters
d5d88f16-25d2-5c82-8c97-d848a6ced94b,e22_Dimensions,165 x 230 mm,165,hoogte,millimeters
d5d88f16-25d2-5c82-8c97-d848a6ced94b,e22_Dimensions,165 x 230 mm,230,breedte,millimeters
32978923-1776-5392-b89e-cc52eb4e7cbf,e22_Dimensions,355 x 434 mm,355,hoogte,millimeters
32978923-1776-5392-b89e-cc52eb4e7cbf,e22_Dimensions,355 x 434 mm,434,breedte,millimeters
6a5231b7-ae21-565f-9c19-f9f5624a6ddd,e22_Dimensions,231 x 158 mm,231,hoogte,millimeters
6a5231b7-ae21-565f-9c19-f9f5624a6ddd,e22_Dimensions,231 x 158 mm,158,breedte,millimeters
1aacb29f-bc49-56ee-afd3-9ae413d1ef68,e22_Dimensions,243 x 160 mm,243,hoogte,millimeters
1aacb29f-bc49-56ee-afd3-9ae413d1ef68,e22_Dimensions,243 x 160 mm,160,breedte,millimeters
0aa0fe80-a3de-590d-a912-829862db9c38,e22_Dimensions,210 x 165 mm,210,hoogte,millimeters
0aa0fe80-a3de-590d-a912-829862db9c38,e22_Dimensions,210 x 165 mm,165,breedte,millimeters
d929c2ae-a8bc-50b3-ab2c-e7d620669d02,e22_Dimensions,268 x 197 mm,268,hoogte,millimeters
d929c2ae-a8bc-50b3-ab2c-e7d620669d02,e22_Dimensions,268 x 197 mm,197,breedte,millimeters
a9e0d98c-8bbd-59ec-b541-dabf1533913a,e22_Dimensions,31 x 39 mm,31,hoogte,millimeters
a9e0d98c-8bbd-59ec-b541-dabf1533913a,e22_Dimensions,31 x 39 mm,39,breedte,millimeters
64c0024c-5b13-5b4c-ae2e-d283f2533d4f,e22_Dimensions,104 x 66 mm,104,hoogte,millimeters
64c0024c-5b13-5b4c-ae2e-d283f2533d4f,e22_Dimensions,104 x 66 mm,66,breedte,millimeters
78113b5e-98ce-55a7-b162-97ee1f68c18e,e22_Dimensions,82 x 123 mm,82,hoogte,millimeters
78113b5e-98ce-55a7-b162-97ee1f68c18e,e22_Dimensions,82 x 123 mm,123,breedte,millimeters
a65d00e0-58e7-5dee-a1ce-14e8bb175ed2,e22_Dimensions,105 x 112 mm,105,hoogte,millimeters
a65d00e0-58e7-5dee-a1ce-14e8bb175ed2,e22_Dimensions,105 x 112 mm,112,breedte,millimeters
4dcc783d-aa40-5a6b-bb15-47e95e268bd8,e22_Dimensions,105 x 112 mm,105,hoogte,millimeters
4dcc783d-aa40-5a6b-bb15-47e95e268bd8,e22_Dimensions,105 x 112 mm,112,breedte,millimeters
c3788d2c-d341-52ba-b8d9-e09611e57d76,e22_Dimensions,215 x 165 mm,215,hoogte,millimeters
c3788d2c-d341-52ba-b8d9-e09611e57d76,e22_Dimensions,215 x 165 mm,165,breedte,millimeters
af199622-0508-5d7d-9f7b-5311e1542b7b,e22_Dimensions,216 x 165 mm,216,hoogte,millimeters
af199622-0508-5d7d-9f7b-5311e1542b7b,e22_Dimensions,216 x 165 mm,165,breedte,millimeters
385568ec-d7be-5d72-bd98-8a807a57f5e4,e22_Dimensions,226 x 302 mm,226,hoogte,millimeters
385568ec-d7be-5d72-bd98-8a807a57f5e4,e22_Dimensions,226 x 302 mm,302,breedte,millimeters
d92558b5-a0f3-51b6-9383-ce4f1c0dd27c,e22_Dimensions,100 x 60 mm,100,hoogte,millimeters
d92558b5-a0f3-51b6-9383-ce4f1c0dd27c,e22_Dimensions,100 x 60 mm,60,breedte,millimeters
8737cb46-3ec3-5166-ae7e-a061a35c47ad,e22_Dimensions,95 x 55 mm,95,hoogte,millimeters
8737cb46-3ec3-5166-ae7e-a061a35c47ad,e22_Dimensions,95 x 55 mm,55,breedte,millimeters
b3190c4b-e2d5-5f49-9d6a-6d3bab05282e,e22_Dimensions,94 x 56 mm,94,hoogte,millimeters
b3190c4b-e2d5-5f49-9d6a-6d3bab05282e,e22_Dimensions,94 x 56 mm,56,breedte,millimeters
