resourceinstanceidfrom,resourceinstanceidto,relationshiptype,datestarted,dateended,notes
e76e0866-39a5-5fff-969d-855d05005a4d,b55f8960-5ee5-59fd-88f5-7a8c3c92e0b2,is related to,,,
b69cc2df-8442-51a0-a796-7206b92e2201,6bd190f4-1853-589f-9ca1-4cd9a512b277,is related to,,,
4028c865-2608-5574-a8ff-779529f18cbe,f88733b4-7a74-5fa4-9d32-2e17575faa7b,is related to,,,
0026923d-dfd2-5f6d-a4e2-b8f73b29ca20,03e4637b-85a7-56bb-a14e-79f36c830407,is related to,,,
484623ef-fa84-59f8-aaf9-6dadbecc8f89,52519509-91f6-51ff-b3f7-41a02116d2e7,is related to,,,
1509a781-cb9d-5760-8b8f-607e96b7195c,66461767-c6e9-5183-8ed0-53031e25ab9c,is related to,,,
70605196-e141-5fb5-9962-2b1651f3e2a1,43041bc9-a42e-59b2-9bca-dbabb16059b9,is related to,,,
11be8398-f75a-5694-b7b2-2b0eedf24850,ec82374f-68ed-587e-89c7-8d657c97fad2,is related to,,,
9e60796d-39b4-5c78-a699-b150df0da6ca,39634300-2e08-57c7-86c1-c80ade0e45e4,is related to,,,
b8a20dc0-1ed5-53cc-ad12-96498d66fe3d,31283184-f32e-5752-acee-dfa5c3c2ffe0,is related to,,,
f4e49ea6-4484-51dd-93f6-ed1e84ddd978,82ddac49-d293-5ad1-b8b2-f47291aeeea2,is related to,,,
e7151ec4-bfbb-5ecd-bdde-c2a6f38860f0,c32e2e17-6445-5129-9fa2-faf944ca4c3f,is related to,,,
975f495e-f7bc-5fad-a859-5f17f3ef3684,ad3e5605-4fcb-57b3-99cf-4315b9fc8f11,is related to,,,
2d8258f1-a518-5920-8ca7-9eedc2fec6f3,3bb41ecf-4b77-5b58-ba1d-857b2294033f,is related to,,,
bad7771a-af52-5c96-b542-662c29fb79d2,cacfe543-304c-5905-9679-60c5fdf3537f,is related to,,,
2a3ffdb3-8266-56f8-bd56-c576231952e9,64f0f355-c885-5e6d-bbff-7a33eafcf2b0,is related to,,,
dfd8430e-f99e-5696-aeb3-7536e33f6cf9,ad6fc4d5-cbbb-5b4f-b012-9b2fad8fb07c,is related to,,,
b69aae14-ca78-53e2-aaec-fc1c967c1c4f,52713c0b-06fb-5d6d-9ce3-1942d28562eb,is related to,,,
ce0f7af4-da6d-5e66-aac0-e109583f47b2,b68a3c8f-ca33-5a1d-8cf9-44ac3241ba2a,is related to,,,
1383d707-43bc-571d-919e-7f0dd9994e4f,55732d1a-e5f9-5ffc-9bc5-97984bfefac1,is related to,,,
ff62b6a8-4272-5068-98f5-9f0bf54f1803,4bc1f677-5dfb-5303-b2f5-cbffeb84c530,is related to,,,
27b8c2ea-6767-5148-9e61-f33309add541,b0771155-f12c-5e03-8138-7b89dcef0d2c,is related to,,,
a5c8f42a-18aa-5603-bfe4-e31872c63d32,926ae845-ce4c-53c4-834e-c655edd31184,is related to,,,
1719c64c-fa7a-5d5f-bdc5-798537c2c9d6,af8ff991-c2ca-5569-8728-ffec3363ebe3,is related to,,,
a1fd1a6e-f524-5288-9021-ee6b2fc15c48,7c720b83-9b7a-5caa-b0a2-8c4f03bda5bf,is related to,,,
afd359bf-3a32-5753-94f3-603656881eab,613e2555-cca9-5352-8b6c-194592251544,is related to,,,
a186e0f7-a2b1-5c33-b76c-19874b8fa52c,c6003b5b-752b-55a3-a09b-3eacaecf40fc,is related to,,,
299de83c-bbc7-527d-9297-04ee3a4e3eab,ebfe480f-d47c-5e85-8e4b-a392f93b56c6,is related to,,,
e89f431c-7364-5c4a-a845-96c43fbb2673,e74e26e3-94de-55ef-ab62-8c1dc71facef,is related to,,,
b383199c-2d93-59eb-8855-fa86ec97811f,a7e666b1-8ab4-58dd-bd60-e36f1857c13c,is related to,,,
6355f5eb-9ad7-5f33-baf3-d86a14afcaf8,6081eaf9-558c-5607-92dc-04d8aa5897a0,is related to,,,
969cb11b-cb9b-5e7f-8942-b598386487cc,40826350-1b02-5180-ac0b-493757181ae6,is related to,,,
493ac90b-fa10-50e3-b7ec-8daf6fcce287,16fdf550-a558-5c59-b552-9e20923211a7,is related to,,,
8218acd3-4429-5d35-8f51-80631e753e87,2881a1ec-803b-569d-90c9-02e840292404,is related to,,,
451148b0-73dd-5072-a62c-7894d342d278,200b78aa-59d1-5d48-a3e9-a9698441da3e,is related to,,,
87b9b8a4-4859-52a1-8a7d-9d7f03b3e997,17adbd28-c62d-5c4a-91c2-e7973e7f0fd8,is related to,,,
2f82e820-2bab-52cb-9dbf-5ef24a341dad,16ea225c-79b9-5577-b04b-7c7734dcef32,is related to,,,
f888f3d5-80db-5b5f-94aa-5a3d43548e52,cd33b542-3106-54f0-8790-a0b54f937bdb,is related to,,,
76a770c1-e2b5-51b0-ba7f-15687f461925,bfc75250-e8b3-5d84-b94d-9379c1e099ff,is related to,,,
a78ed738-c87c-5d9e-a725-b616e28f4bd4,39dc7318-2b09-5a7a-9b96-6be399d98963,is related to,,,
c328943a-46b9-5aca-9210-f61f26e379ec,f664b0be-e2de-5c60-a369-b59445e5bc0e,is related to,,,
f0a19a94-019f-5ef5-836f-69f802b52d5c,b87bdabb-02a1-5d70-b4b6-36424dd65868,is related to,,,
6c7ccc0d-5d67-5e6f-9fa4-b0973651bb16,d8d85fc0-9e54-535d-856e-db378422ab52,is related to,,,
108756f8-64b4-506a-9f98-ceb3ef00390d,acb05eb8-b42c-54e5-8ebe-ee2cce55dae0,is related to,,,
c5a33844-8bfb-5e54-b6aa-d0281135b007,9710f729-049f-5d1a-a298-4ae1e56f1a9d,is related to,,,
25a4f489-f009-5fe5-9477-591efdb18ae3,ce605f59-404a-5c23-a8ce-8c954c9c8145,is related to,,,
05df2589-1585-5594-bc8a-31b756a2b8f6,46e853d2-29f4-57b5-b107-bff761144d70,is related to,,,
0b0fc7f1-eb05-50c6-82d7-dfdafe7ae780,d6a0a077-1ab3-5f47-a310-14e003d32cb5,is related to,,,
270def31-7396-5780-8a48-ea5ea6d86ed8,a39d2554-024b-53c7-8137-dd20a621aa6a,is related to,,,
93e90445-472a-5e69-8889-bb123cb5d599,453127f6-9b63-5d18-8c75-088d79912275,is related to,,,
313eef31-e6d3-5dbf-8b35-988507c8e01e,f0dd8933-0aa8-5ee4-9b3c-de811759b4fd,is related to,,,
5cede916-f4cb-5135-8087-0f00e34b416b,532a1086-d22c-5e74-a33f-42e58c771728,is related to,,,
74a758b8-f555-5531-96c8-e79a63a7b8d3,31db27b6-5bf3-51da-86c2-a4aafdbcce02,is related to,,,
29da2038-6f05-5285-942a-fb63293810e5,791ce149-5c2b-528f-a863-80bc7c4c05ce,is related to,,,
a6219f25-033c-593f-90d8-efb505fc4bb8,42d794a4-c4ab-5e7a-8e5d-7cc432c639b7,is related to,,,
92dc80d1-5388-5313-93c1-582e99f23e9f,ac173f3e-8686-522f-822f-65da8b62f45c,is related to,,,
4a36f5c4-24d5-5047-9ee5-3219e07c78b6,0ced21dc-67bf-5d73-8344-d7c3172d51d8,is related to,,,
7a3ea516-bf4f-5143-aba7-213a091367fc,50ceec1d-936b-5223-a228-891c37295e52,is related to,,,
22d8d29b-a2be-5a50-b646-5de42555bc3a,848c767a-5e09-568d-84ac-2171a43ef2ff,is related to,,,
342b234e-b819-5020-afef-c997a40c8b3d,6cac3c53-c74f-586c-91b3-26062c8dece5,is related to,,,
fc39d75e-5e3c-5ff5-a14e-8a07f133088e,c368cca2-6db5-579f-8f53-6924337edd97,is related to,,,
e268ae78-3bbc-57ae-9b11-ab6d7d7ac6ed,6dbbc865-b9ab-5c4c-9434-6758f0a4d740,is related to,,,
6989ab5a-5e9a-589f-bc91-82ac9e23af82,900a1849-6553-5eb7-9e73-81e9fdeadc30,is related to,,,
c29f2fa8-a5c2-5856-b7d1-a1bdbebdaf61,55f324c7-820f-56ae-b6f5-923104d9831a,is related to,,,
239f6f57-5465-5c0a-a8f1-5e868780d35a,cf4c3a10-d582-5659-af09-9be8f581441c,is related to,,,
4364bde1-3271-5bc9-9996-dd4168dff6a5,c0a2fe20-85e6-5001-b89b-09a59490c24d,is related to,,,
c6d15f44-02a7-5349-b1d8-37647638cb33,9ef7dfbb-91f4-565a-9778-06a6218e4f18,is related to,,,
1dcfac86-1f00-5ba0-b1ca-397f4af38b4a,da93969a-9b2d-57cb-b7a5-a5095b55d562,is related to,,,
6b2b61eb-8dec-5e35-aaf8-fb1c1e137c6a,f33ccad8-05e0-52a9-8eaf-e1040b59ce33,is related to,,,
9c409e7c-ec60-575a-bf76-073097852c86,f8bd3003-7f70-5219-8c4b-447da7801fef,is related to,,,
e64ca066-a991-5290-85b8-b3ca6b3615c5,a689281c-ccfb-5b4d-b28c-f1bf3130c8ff,is related to,,,
cbf06722-4265-5ab3-8eb9-fb5991edbd07,4ce7b34b-d496-5ab6-b14d-b8dc7b1585c3,is related to,,,
6488a3af-a6ba-5c6e-b44e-0d4e7a96d917,2cd221b1-3c8d-5832-a624-ea58153153fc,is related to,,,
0ac5d3fd-d2ef-5f6a-a72e-c679cb451f11,2259aad3-ca05-5180-a684-1726b89be913,is related to,,,
0e36645d-5a76-578b-b102-2e9a72d2d391,268e406e-6525-5782-b2da-0d76cc8657b3,is related to,,,
aaee58ac-19f5-5d12-bfdf-b182540772c9,1c48a847-afc7-5397-952e-1e29afa72022,is related to,,,
0476e0a0-d09a-5804-ba82-deb196a90f13,97ba37de-55f5-57ce-ad51-8119e6255eda,is related to,,,
c20ab8b5-5fc8-5ff5-a3d8-9f4b3390f756,0f9cccc8-1993-557c-b3cf-3ef70636c964,is related to,,,
d4dd485a-7f2e-5b08-aea6-ef27315da217,3da1ad01-5e06-55f2-ad24-7f20c2639d45,is related to,,,
985e1f42-413d-5bf4-aad8-e503c79c145a,7822590f-8f95-5a0c-8189-b382946f3e22,is related to,,,
60f45316-4f01-5f2d-b1a0-44f45d6ec424,b3aeb7dc-2e3c-599d-ab86-ef631603d2af,is related to,,,
4e1f5565-158d-5dfe-9987-fe13fbb48a7e,6af047a7-8e0c-53e4-a773-805c838fd006,is related to,,,
8b9b723b-a1af-565e-a376-c1466a9b4464,bdf471e1-748a-5f64-ba1d-67635bb191c4,is related to,,,
cf555baa-6a47-5f4a-84ca-76ff4ff32653,6de1e553-ea7f-507f-ae24-cac06494070a,is related to,,,
749f73a4-1c60-5ebe-8791-4b92aea9b2f7,09052def-26e6-5d99-b79e-b030d0d496d1,is related to,,,
4508c3ff-bc0f-5ca9-9ae9-7f1211e24134,aa06c6ad-619c-5b4c-b967-0d62f2ad0900,is related to,,,
f49fd4d1-9f92-5bea-9a82-fb7e9ad0400f,96240b4f-302d-587d-880e-d859f603eaec,is related to,,,
6a40066d-6678-58d8-b9d9-b69d9e768a06,7ddc9d0f-6eb7-5973-8f26-b5388322a64d,is related to,,,
b600d697-4c8d-5c1f-85b6-a1f8a7d65f06,19a928ce-384c-5950-9f66-aff236631d53,is related to,,,
24af9286-6708-5f56-a146-4e43b9059fb7,0e868a89-1da8-534a-bcbd-be9849ce6df6,is related to,,,
83c53c53-f84f-5936-986a-c4b77c928be4,6f1864a9-eada-5f73-bea6-5483539a4ad0,is related to,,,
833c865b-1a97-53ed-a6e3-9d51d742b161,9d19defb-127d-5313-b609-802cb7408c7a,is related to,,,
aba9fb3f-ece8-58e8-92b1-9a259d7ae7ae,db466b6c-499e-5871-ae2f-7dab2a4de216,is related to,,,
1aaa7628-6013-5f5f-8c5a-9dfcf6969bfd,5bed484c-6203-5738-ab11-d2a351f9c38b,is related to,,,
d17e6e16-c29d-59be-9067-b414984f45c6,e207c16c-f087-5901-baf4-ea5791d0a1b3,is related to,,,
a494d4ad-3977-5bd9-b944-005e4afa15be,85ae7137-f532-57c0-b555-7735245bd5bf,is related to,,,
7361d5ec-7807-5f3c-b9b7-4b6f7b9bdc17,f2b51134-d1c1-5f3d-bab2-1e3839410334,is related to,,,
b1294d21-96d3-50cb-9597-84bbb6b01520,4390c3da-4d2f-5dd2-9011-cb27126b8ed7,is related to,,,
ed05850e-d93e-5353-84a8-4dbb8b38ec9c,52af441f-67ff-5e97-95ef-82b0dfa5dc68,is related to,,,
da95a907-e90c-5c6e-bc73-e1199926e4e7,8d15bf4d-1d74-5a90-ac6f-0536bc7905a2,is related to,,,
d4250cb9-a8b9-513b-98b4-4ca94b31f4bd,2a767980-91bf-5ec7-88d7-ff56d749e1e1,is related to,,,
779d5ef6-44f2-53b9-9ded-2078f8138f29,99653bf6-4f4e-5041-9fee-8c23f9ea8143,is related to,,,
44b83a36-1644-5057-b200-82be841d8547,1ad7940d-d021-5cc9-8925-a3c6257b3437,is related to,,,
c9a26edd-3340-58de-af77-8b97ee87ff86,abde6589-d151-54ed-a631-5ea1d31ec8ec,is related to,,,
43402fd0-c8ec-5e97-a817-59599a44e870,24eda292-f177-5ead-831d-19b9e518638b,is related to,,,
230878f7-6c43-5063-ac62-5939a323cfba,c24c51bc-954c-51b8-943a-199225d8e520,is related to,,,
aa36e7ba-6ea9-5897-a2e4-e4f2b0c9062a,3299b50f-4034-5809-8a1f-7997997b6e2f,is related to,,,
e529739d-7e84-5c53-abde-248c6c598675,24617713-e3c4-5f12-b314-aaa0bdb307bf,is related to,,,
b7678c52-c767-538d-b339-cf2304752fdf,6b90b573-8ebe-51e0-acf5-7715d12dbcaf,is related to,,,
d636fd59-d2ee-587b-b83c-7990df3a9e47,70492b6b-e7eb-5977-85d1-5cb950f70548,is related to,,,
4357a0e5-db78-599b-8616-5e687867f6fb,1225d2c6-ae14-534c-b23f-9bb9d81bf370,is related to,,,
b0898496-a22a-5c44-9812-6793f7a2abc6,3cae6da1-00c8-5157-958c-bed21e032939,is related to,,,
8b5a14f8-aa3f-55a0-9f16-67e1d36b7583,14f60fcf-e046-541d-b6b9-a0ea2fe4d7a9,is related to,,,
0cdf7c18-ded1-5edb-8553-1f9a4750c805,c68a31e5-f476-5ff8-8953-265daa26d392,is related to,,,
30d49173-7034-572c-8c6c-d79da3074f92,da27b447-e317-5c70-a413-a01ab52640c3,is related to,,,
539aa72e-50df-51e7-b265-b1c8f6822971,f7cec6a7-819e-58e6-aa80-2aabe335a6d8,is related to,,,
c40b140e-3f37-5f20-b2e1-026d4cb94827,e58f89be-da92-5234-adda-204c9b4ab038,is related to,,,
3560ab78-3623-5be1-a04e-3c801f0e12f5,bb130f45-0b3b-5079-a75c-985e785c815c,is related to,,,
24a956ec-7ec7-5bf3-9f41-92a0670be881,2f751964-6d01-58b3-b82d-76fabdac181e,is related to,,,
9a04accc-56a6-53ed-b6cd-b1ff26dd8edc,d3868d11-8b8d-5408-aea7-07b014f4cc2f,is related to,,,
ea4532da-49ef-5f5c-8cd3-945b0a2ae56c,9d0d1c72-e334-572f-8c54-2611947cc798,is related to,,,
c05c7bcf-5880-5b6f-b8e1-1913c0a0843d,34ea6dc7-8dd0-58b1-9b4f-1275ee51f67c,is related to,,,
8f038c31-f312-5abf-9fae-aebefcd38e77,99261f7e-2bb0-5100-ba1f-eedeb67e816f,is related to,,,
7fcf8fdd-08ec-59c1-a9c4-5a7f69337794,3261420f-fa95-5253-80dc-107299b8b524,is related to,,,
54f7a45d-01d8-5548-b866-8d235e1c35a2,be0fc51d-b1da-5adf-8485-ccda336b1cf4,is related to,,,
c0c56593-2e89-5b47-8bd7-5edec68b8918,e49f59a6-245b-5048-82a8-e7560fca7e6c,is related to,,,
01387253-bbda-50a3-8790-18c69b47734d,276ac32f-6efb-5018-81e5-6c720c63ec86,is related to,,,
221ba7d8-01a9-5a18-9fec-a8fa0e47f940,a760ecdc-ffd1-5020-9188-01fab16e8d7e,is related to,,,
67cca5f1-5e8a-54f4-be7b-eb7415d25c1f,d2b1e801-98c8-50f2-aada-311f9dcc076b,is related to,,,
431014da-4cd1-501d-a8d9-544e95217e76,0b709b78-cc59-59d6-a0ea-0e08541230fa,is related to,,,
c4c8c6c9-34b2-5c89-aabf-b6f8c75534a4,6e7e86ee-6828-5f4c-887f-0e6df4a4e461,is related to,,,
9a7ba6ab-98ab-5db1-a4f6-2e056bea89c1,aa5b4284-4130-5738-b75b-41e78516e517,is related to,,,
20e5efa0-b6f2-53b0-acb0-bef59eaaa558,9a28002b-ba44-5e42-8248-4056ae98f698,is related to,,,
48abe9c0-eeff-5d2b-82eb-747ff6c2b3ff,02762407-114b-52cb-b815-50e59376f1e2,is related to,,,
b1783556-0408-58d4-9cfe-a7be7a192dc0,a8a785b2-615d-5cb3-895c-879ac3d91c7a,is related to,,,
4e49d3e0-d21a-559e-911e-9614954567c4,ae701dd1-11e4-5401-b13b-ea98289eb072,is related to,,,
21cd3fc7-ee0d-50a7-a0c1-1b451066fb8b,b4440dbe-bb57-5d79-a39a-05a615a74af0,is related to,,,
b71f369a-0031-507e-89cc-7a9f493639e0,87faaec5-b87c-5dae-8262-c875a4343c99,is related to,,,
f92564ca-be9a-5c66-b16d-86ad2d1fd84b,9c7e7b2a-bdac-540e-a685-2fbfa433ca79,is related to,,,
c796ac09-736f-5906-a298-02c3b11056cf,fe12775b-a1f5-59ef-8d82-84f9ec7d6d59,is related to,,,
de162b97-2920-503e-bfc5-801a8f6eaa2a,5d1ded10-c07e-5977-85f8-c9a900ea95e5,is related to,,,
b4601525-c7d5-5388-992f-a2745f0d1bda,4f4bbd32-3cde-5475-b224-db3677001acc,is related to,,,
e62350f0-770d-5285-99f2-35f119c5d7ab,4061ffc7-e7f6-56f4-9831-a00c3db2e494,is related to,,,
7aa8c4ae-5d48-5ee6-be2e-4fcdee75f2ed,428d08bf-1d96-5650-9ff9-ce35c44d19ec,is related to,,,
3f974829-97c3-5390-9cb7-21992e7ffbbd,edc08000-9da6-57c4-a4fc-8c14ebaafd1f,is related to,,,
3356d31c-6a47-5f60-9934-30cde513a6a9,9322239b-d5aa-5637-b103-47cdc4452370,is related to,,,
75c8465d-660b-550c-af3c-e1d379515d9f,47fcbe5a-26ca-5418-9835-57335a86221f,is related to,,,
be4e3c74-62ad-50db-839a-adb4b0ebbfc1,cbf9d6f1-891b-5760-b712-647aa6714646,is related to,,,
f3764377-c5bc-540f-b7b0-ee2cd23732ef,549796a6-5207-51d5-8499-dd3bdab97743,is related to,,,
334ad517-eee0-5a64-b69d-9a9e09be8184,b712e8ac-aa1c-523b-812f-67f1e11c0eb8,is related to,,,
6bf3766e-9d43-5512-9736-e991034e254f,d5d88f16-25d2-5c82-8c97-d848a6ced94b,is related to,,,
1c082e15-3131-5b39-acf3-ee112d00ed57,32978923-1776-5392-b89e-cc52eb4e7cbf,is related to,,,
00b061e8-c12f-5b32-85a0-8ee6d4a9e56b,6a5231b7-ae21-565f-9c19-f9f5624a6ddd,is related to,,,
b724b37e-31ee-51f1-902c-5b212fe0b455,1aacb29f-bc49-56ee-afd3-9ae413d1ef68,is related to,,,
bc833205-a012-5bc8-87b9-c653f2d8470a,0aa0fe80-a3de-590d-a912-829862db9c38,is related to,,,
282dca35-a48f-5c78-9f57-b23dd4f81fe5,d929c2ae-a8bc-50b3-ab2c-e7d620669d02,is related to,,,
aa04eb23-83e2-5fc7-97a7-3b86569e27fc,a9e0d98c-8bbd-59ec-b541-dabf1533913a,is related to,,,
ec6b5255-dfcb-57e5-91b4-0e41ba385d72,64c0024c-5b13-5b4c-ae2e-d283f2533d4f,is related to,,,
90d4aae4-f547-5cc7-a03a-1211a0b50dee,78113b5e-98ce-55a7-b162-97ee1f68c18e,is related to,,,
fb5f7f90-9bd3-532d-809c-137871439e82,a65d00e0-58e7-5dee-a1ce-14e8bb175ed2,is related to,,,
8a105af3-6e4b-5275-817c-2d54bd0ca8d4,4dcc783d-aa40-5a6b-bb15-47e95e268bd8,is related to,,,
7fa9c968-3513-5182-a935-e161b2b76fb9,c3788d2c-d341-52ba-b8d9-e09611e57d76,is related to,,,
baa604e3-9694-5877-bc90-de335424f37f,af199622-0508-5d7d-9f7b-5311e1542b7b,is related to,,,
944778d9-1aa3-57cc-8c2b-1530d4636715,385568ec-d7be-5d72-bd98-8a807a57f5e4,is related to,,,
dd4f9258-3346-5591-b56d-1963a4728b70,d92558b5-a0f3-51b6-9383-ce4f1c0dd27c,is related to,,,
1fddab6b-2c01-53f7-afb9-56fa14f7bfa9,8737cb46-3ec3-5166-ae7e-a061a35c47ad,is related to,,,
a34674cd-e662-5474-924d-c80290414a0f,b3190c4b-e2d5-5f49-9d6a-6d3bab05282e,is related to,,,
