ResourceID,brocade.id,card,order,Mark Text,Mark Type,Mark Language
c624da0f-9413-5d25-83e4-4f6e89cf1d62,tg:mpmre:31_#1,e22_Marks,1,<p>Yy</p> ,signatures (names),Nederlands
449b8283-39ad-563d-b071-a2cf9cad7360,tg:mpmre:647_#1,e22_Marks,1,<p>B</p> ,signatures (names),Nederlands
6935253a-e0ed-5bcf-96a4-e62adfadcf4f,tg:mpmre:459_#1,e22_Marks,1,<ul> <li></li> </ul> ,signatures (names),Nederlands
6c18d29b-d7b3-5f28-af2d-097500060fee,tg:mpmre:88_#1,e22_Marks,1,<p>EE</p> ,signatures (names),Nederlands
95e1b9f3-6d68-5bc2-8ae4-b689e4cba7c0,tg:mpmre:98_#1,e22_Marks,1,<p>PP</p> ,signatures (names),Nederlands
420e9b16-e8f8-5674-bfbb-833b6e2b2e96,tg:mpmre:374_#1,e22_Marks,1,<p>EEE</p> ,signatures (names),Nederlands
07d1e3fd-f94c-555b-8288-da30ce90335c,tg:mpmre:364_#1,e22_Marks,1,<p>SS²</p> ,signatures (names),Nederlands
77d2a0a8-984b-5149-9e05-b16d817465c8,tg:mpmre:316_#1,e22_Marks,1,<p>A</p> ,signatures (names),Nederlands
e7581e6b-439a-549c-926e-238231806a42,tg:mpmre:306_#1,e22_Marks,1,<p>G</p> ,signatures (names),Nederlands
4c5ab5e9-481c-5a44-99fc-ce9b5c500a45,tg:mpmre:635_#1,e22_Marks,3,<ul> <li></li> </ul> ,signatures (names),Nederlands
3f4fc7fe-cdf0-5157-af7b-b1fc78ea5682,tg:mpmre:108_#1,e22_Marks,1,<p>AAA</p> ,signatures (names),Nederlands
ceb36b45-e9f4-5e88-a6e8-29f273d94ae1,tg:mpmre:482_#1,e22_Marks,1,<p>KK</p> ,signatures (names),Nederlands
f3eab46a-d3b5-5cf6-a1b4-66dbe96e1ce0,tg:mpmre:53_#1,e22_Marks,1,<p>VV</p> ,signatures (names),Nederlands
d8f8ab02-27ba-596c-a4b2-f3d7ad1ba158,tg:mpmre:43_#1,e22_Marks,1,<p>LL</p> ,signatures (names),Nederlands
4774f9b4-06d4-5a44-9e4b-6e7ea301bd33,tg:mpmre:155_#1,e22_Marks,1,<p>A</p> ,signatures (names),Nederlands
52ed0ca0-2481-525b-bc4e-7e2bf60c60f9,tg:mpmre:678_#1,e22_Marks,3,<p>Oud inventarisnummer: B 3</p> ,signatures (names),Nederlands
135a48de-341d-59c5-8012-e2462bd0a8f5,tg:mpmre:390_#1,e22_Marks,1,<p>XXX</p> ,signatures (names),Nederlands
186570fd-adf4-50a6-b051-a05359c4210f,tg:mpmre:380_#1,e22_Marks,1,<p>LLL</p> ,signatures (names),Nederlands
77993095-b79f-5da5-9e0a-8ef6014209f2,tg:mpmre:329_#1,e22_Marks,1,<p>Gg</p> ,signatures (names),Nederlands
a19f21e4-ab71-533f-a434-507d2a05e56d,tg:mpmre:339_#1,e22_Marks,1,<p>Rr</p> ,signatures (names),Nederlands
a665d66e-698d-503a-a656-f336eaca956a,tg:mpmre:404_#1,e22_Marks,1,<p>MMMM</p> ,signatures (names),Nederlands
75b48691-368b-5e19-b161-631f7e61ca87,tg:mpmre:414_#1,e22_Marks,1,<p>YYYY</p> ,signatures (names),Nederlands
a19eca97-273b-5fb8-a2f1-4304cddd3733,tg:mpmre:422_#1,e22_Marks,1,<p>LLLLL-MMMMM</p> ,signatures (names),Nederlands
c28d1b8f-410f-5354-be14-151662db6d71,tg:mpmre:432_#1,e22_Marks,1,<p>[I]-A-B-C</p> ,signatures (names),Nederlands
d750dfb7-a95f-53a4-b697-ab2dd64aaccf,tg:mpmre:111_#1,e22_Marks,1,<p>DDD</p> ,signatures (names),Nederlands
cc61c9e5-950c-5fe9-bcf9-73ad3fab5465,tg:mpmre:38_#1,e22_Marks,1,<p>FF</p> ,signatures (names),Nederlands
5ca04e1c-dd45-57ee-92d9-5a15d12dfaa8,tg:mpmre:91_#1,e22_Marks,1,<p>HH</p> ,signatures (names),Nederlands
7bdf099d-c7a4-5d30-ad46-4d55be3ec928,tg:mpmre:81_#1,e22_Marks,1,<p>Xx</p> ,signatures (names),Nederlands
d96672bc-ae32-567b-bbbb-8c8ff528e7e1,tg:mpmre:389_#1,e22_Marks,1,<p>VVV</p> ,signatures (names),Nederlands
72b61267-b021-5a53-9959-a6b86dbc5d7f,tg:mpmre:399_#1,e22_Marks,1,<p>GGGG</p> ,signatures (names),Nederlands
7ecd684c-c64c-5750-8056-1cafe55960c4,tg:mpmre:75_#1,e22_Marks,1,<p>Pp</p> ,signatures (names),Nederlands
402a9f5d-5fcd-506b-abe0-4acd765305fd,tg:mpmre:613_#1,e22_Marks,2,<p>D</p> ,signatures (names),Nederlands
e811e1ff-15c2-5daa-8eb9-ec429dbbcad6,tg:mpmre:330_#1,e22_Marks,1,<p>Hh</p> ,signatures (names),Nederlands
431c555e-cba1-5c1c-bbca-a7a72fae06ff,tg:mpmre:320_#1,e22_Marks,1,<p>X</p> ,signatures (names),Nederlands
e56fe709-343c-5096-a2bf-7c88921c0c55,tg:mpmre:352_#1,e22_Marks,1,<p>GG</p> ,signatures (names),Nederlands
34c3ff9a-31f1-5d59-87ae-0a62c0d38414,tg:mpmre:342_#1,e22_Marks,1,<p>Vv</p> ,signatures (names),Nederlands
1ef48c27-89c0-50bd-9fdf-86eff844b124,tg:mpmre:433_#1,e22_Marks,1,<p>D-E-F-G-H-I-K</p> ,signatures (names),Nederlands
3dd2c914-b196-5049-9e18-8f421dba65ae,tg:mpmre:423_#1,e22_Marks,1,<p>NNNNN-OOOOO</p> ,signatures (names),Nederlands
8620bf72-e50a-59d8-8c9d-65b67edb195d,tg:mpmre:110_#1,e22_Marks,1,<p>CCC</p> ,signatures (names),Nederlands
2eac8ed5-008f-5cf8-bd84-d5d8d2962cf9,tg:mpmre:80_#1,e22_Marks,1,<p>Vv</p> ,signatures (names),Nederlands
12ef73cb-477c-53af-a576-18bd30844faa,tg:mpmre:90_#1,e22_Marks,1,<p>GG</p> ,signatures (names),Nederlands
9e4b8c1f-b22b-52eb-9832-620de70b5cd0,tg:mpmre:39_#1,e22_Marks,1,<p>GG</p> ,signatures (names),Nederlands
1b4f1909-79ab-54e1-b6f7-772378ecb15a,tg:mpmre:29_#1,e22_Marks,1,<p>Ee</p> ,signatures (names),Nederlands
f1e5dcbb-9776-5985-a2fe-f29b7e22c4f4,tg:mpmre:321_#1,e22_Marks,1,<p>Y</p> ,signatures (names),Nederlands
0bd1001b-e356-582f-8d86-863bd26fde50,tg:mpmre:331_#1,e22_Marks,1,<p>Ii</p> ,signatures (names),Nederlands
035186db-deae-5470-92b6-74cd30e8ea95,tg:mpmre:74_#1,e22_Marks,1,<p>Oo</p> ,signatures (names),Nederlands
db152cf5-4c58-5fc7-80ef-c6ece03fdc35,tg:mpmre:398_#1,e22_Marks,1,<p>FFFF</p> ,signatures (names),Nederlands
7a35ed6a-0bbc-504b-8641-7f6dba50d9e7,tg:mpmre:388_#1,e22_Marks,1,<p>TTT</p> ,signatures (names),Nederlands
7b21ad07-c7c3-51f8-ac3a-ef65c21c4bbd,tg:mpmre:343_#1,e22_Marks,1,<p>Xx</p> ,signatures (names),Nederlands
a782e2cb-465b-5abd-a325-e0b1aa1b931c,tg:mpmre:353_#1,e22_Marks,1,<p>HH</p> ,signatures (names),Nederlands
25d6fbe0-8802-5ae8-882a-03bde5134b9c,tg:mpmre:646_#1,e22_Marks,1,<p>A</p> ,signatures (names),Nederlands
ff47336b-0065-5e7b-a1c1-ea9415fe9a79,tg:mpmre:365_#1,e22_Marks,1,<p>TT²</p> ,signatures (names),Nederlands
d8d239db-f31d-51cb-968d-25c218f17775,tg:mpmre:375_#1,e22_Marks,1,<p>FFF</p> ,signatures (names),Nederlands
630aa85f-e5b9-5ad2-b859-dbe3f949a27b,tg:mpmre:99_#1,e22_Marks,1,<p>QQ</p> ,signatures (names),Nederlands
52e0506b-436d-5283-b732-227c9b16350f,tg:mpmre:89_#1,e22_Marks,1,<p>FF</p> ,signatures (names),Nederlands
e734eabe-26cb-5aaf-9370-bebdcd7ef6d2,tg:mpmre:30_#1,e22_Marks,1,<p>Vv - Xx</p> ,signatures (names),Nederlands
ff6e7b10-908f-5dad-b5cf-793da7be4e10,tg:mpmre:42_#1,e22_Marks,1,<p>KK</p> ,signatures (names),Nederlands
5ee6a341-0998-57f2-9386-bdfd9db18452,tg:mpmre:52_#1,e22_Marks,1,<p>TT</p> ,signatures (names),Nederlands
3dd6e10d-c82f-5766-b066-f69efd3490a1,tg:mpmre:483_#1,e22_Marks,1,<p>LL</p> ,signatures (names),Nederlands
c0e70b2f-bfeb-5600-8d4c-3720f8822bc3,tg:mpmre:307_#1,e22_Marks,1,<p>H</p> ,signatures (names),Nederlands
5719d72d-ae15-5fb4-bb44-cfc447f784b9,tg:mpmre:317_#1,e22_Marks,1,<p>R</p> ,signatures (names),Nederlands
ffc3d956-1433-5060-8896-029b89a88fe2,tg:mpmre:109_#1,e22_Marks,1,<p>BBB</p> ,signatures (names),Nederlands
20819212-86b3-5561-9eb3-4684c76db3b9,tg:mpmre:711_#1,e22_Marks,2,<p>†</p> ,signatures (names),Nederlands
23a633a1-349e-5628-8193-c933c6c5d931,tg:mpmre:679_#1,e22_Marks,4,<p>Oud inventarisnummer: B 4</p> ,signatures (names),Nederlands
5692d191-13c5-5cea-87cd-68d552416e14,tg:mpmre:154_#1,e22_Marks,1,<p>F</p> ,signatures (names),Nederlands
760f5b9f-3cd5-5f87-a02c-a08befd0eab7,tg:mpmre:136_#1,e22_Marks,2,<p>G</p> ,signatures (names),Nederlands
024634e6-6b87-53ce-af37-dc2f844a5143,tg:mpmre:415_#1,e22_Marks,1,<p>ZZZZ</p> ,signatures (names),Nederlands
0d63d35a-0962-50ae-85b4-eb1f3ededa04,tg:mpmre:405_#1,e22_Marks,1,<p>NNNN</p> ,signatures (names),Nederlands
01929488-47e8-5a5f-b31c-dd43f52cfcf0,tg:mpmre:338_#1,e22_Marks,1,<p>Rr [= Qq]</p> ,signatures (names),Nederlands
35136889-d502-5bea-9b6b-4b90bc074a6a,tg:mpmre:328_#1,e22_Marks,1,<p>Ff</p> ,signatures (names),Nederlands
c9a1cddf-c4dc-562e-802e-36789ea99ccf,tg:mpmre:381_#1,e22_Marks,1,<p>MMM</p> ,signatures (names),Nederlands
e24d5ea7-6b27-5630-9110-a7f3dd629890,tg:mpmre:391_#1,e22_Marks,1,<p>YYY</p> ,signatures (names),Nederlands
b318fcdd-fb4e-5277-948f-8297bcb79774,tg:mpmre:92_#1,e22_Marks,1,<p>II</p> ,signatures (names),Nederlands
1332c4f5-3eb7-5182-9f17-695d0d513608,tg:mpmre:82_#1,e22_Marks,1,<p>[Yy]</p> ,signatures (names),Nederlands
aef94011-414b-532c-a1c0-8e73a60fab0a,tg:mpmre:160_#1,e22_Marks,1,<p>☘</p> ,signatures (names),Nederlands
cda8ecd9-88f5-57d0-b48e-55b44cfe2172,tg:mpmre:59_#1,e22_Marks,1,<p>Cc</p> ,signatures (names),Nederlands
864e67cc-16df-5fb3-be2e-4ed298b24438,tg:mpmre:488_#1,e22_Marks,1,<p>L</p> ,signatures (names),Nederlands
af395f71-c4fc-5674-9f2d-106a164d4300,tg:mpmre:421_#1,e22_Marks,1,<p>IIIII-KKKKK</p> ,signatures (names),Nederlands
593f2e71-511c-5fc1-9564-e90a1a240887,tg:mpmre:431_#1,e22_Marks,1,<p>E-F-G-H</p> ,signatures (names),Nederlands
6ec35026-b882-523b-a8a9-400fad6f56dc,tg:mpmre:662_#1,e22_Marks,1,<p>G</p> ,signatures (names),Nederlands
7160234b-7dad-5248-b416-764952e62020,tg:mpmre:351_#1,e22_Marks,1,<p>FF</p> ,signatures (names),Nederlands
548b3afd-3710-5e24-9236-1ac6b1269677,tg:mpmre:341_#1,e22_Marks,1,<p>Tt</p> ,signatures (names),Nederlands
9b51f5de-2217-57e3-ab7f-2640d5ce601d,tg:mpmre:333_#1,e22_Marks,1,<p>Ll</p> ,signatures (names),Nederlands
c415d622-7c6e-5949-97a8-2c5f69499cdd,tg:mpmre:323_#1,e22_Marks,1,<p>Aa</p> ,signatures (names),Nederlands
dc40d764-6c93-5082-a62d-65d019217745,tg:mpmre:7_#1,e22_Marks,1,<p>B</p> ,signatures (names),Nederlands
c48f6fff-dac2-5f91-963c-2aac71dab1f2,tg:mpmre:76_#1,e22_Marks,1,<p>Qq</p> ,signatures (names),Nederlands
9f6d3f0b-83ae-53af-b379-724d6f98abf6,tg:mpmre:66_#1,e22_Marks,1,<p>Hh</p> ,signatures (names),Nederlands
0faed103-512a-5998-82cf-a25c0ca25659,tg:mpmre:50_#1,e22_Marks,1,<p>RR</p> ,signatures (names),Nederlands
51984999-0e4c-5a6a-8621-a0c99cf4c08d,tg:mpmre:40_#1,e22_Marks,1,<p>HH</p> ,signatures (names),Nederlands
89581158-cf09-5b41-9f53-7a1d38bbca51,tg:mpmre:491_#1,e22_Marks,1,<p>E</p> ,signatures (names),Nederlands
fa8c4d0e-604c-5a0d-bc67-8ad3826445d8,tg:mpmre:636_#1,e22_Marks,1,<p>A</p> ,signatures (names),Nederlands
e7cdaca6-fc31-5cdc-b207-48a5dbb2774c,tg:mpmre:315_#1,e22_Marks,1,<p>Q</p> ,signatures (names),Nederlands
cfe9e88d-0246-5d2c-87aa-903a90606773,tg:mpmre:305_#1,e22_Marks,1,<p>F</p> ,signatures (names),Nederlands
3d7c1e2f-5e7e-5451-9dca-52fa10044ecd,tg:mpmre:438_#1,e22_Marks,1,<p>A-B</p> ,signatures (names),Nederlands
47b6b377-181c-56a0-8f73-2745f795a202,tg:mpmre:428_#1,e22_Marks,1,<p>ZZZZZ-AAAAAA-BBBBBB-CCCCCC</p> ,signatures (names),Nederlands
262d8e6b-efbc-55c9-aa78-8536f933188d,tg:mpmre:377_#1,e22_Marks,1,<p>HHH</p> ,signatures (names),Nederlands
24696bcd-081e-50ef-a0f5-f0d95310d9fd,tg:mpmre:367_#1,e22_Marks,1,<p>XX</p> ,signatures (names),Nederlands
49db978f-239e-57b5-b628-2f06ea80a8d3,tg:mpmre:644_#1,e22_Marks,1,<p>♧</p> ,signatures (names),Nederlands
6f564e10-1f63-54ac-809e-2316f0ef127a,tg:mpmre:654_#1,e22_Marks,1,<p>I</p> ,signatures (names),Nederlands
90f84359-e10d-5696-aabb-23589b318479,tg:mpmre:32_#1,e22_Marks,1,<p>Zz</p> ,signatures (names),Nederlands
820a22fb-43b6-5613-82c4-2a792a0bc3f9,tg:mpmre:22_#1,e22_Marks,1,<p>A</p> ,signatures (names),Nederlands
a63bf580-e05b-5d54-ae7f-81bdb6c553b4,tg:mpmre:407_#1,e22_Marks,1,<p>PPPP</p> ,signatures (names),Nederlands
64b4f9a9-d8ba-5acd-ad60-d44d4b3b4b72,tg:mpmre:417_#1,e22_Marks,1,<p>BBBBB</p> ,signatures (names),Nederlands
130f0c8c-4f4b-5b8b-9ba3-9438479d3187,tg:mpmre:134_#1,e22_Marks,2,<p>E</p> ,signatures (names),Nederlands
b014757e-fb0d-55dc-889e-aaeab9c816fc,tg:mpmre:393_#1,e22_Marks,1,<p>AAAA</p> ,signatures (names),Nederlands
59b88bc9-1522-585e-a4b4-32ff7e28abc7,tg:mpmre:383_#1,e22_Marks,1,<p>OOO</p> ,signatures (names),Nederlands
5aeeb953-7397-509a-aae7-ecfc25b31b9f,tg:mpmre:156_#1,e22_Marks,1,<p>B</p> ,signatures (names),Nederlands
0c51ff6f-6bfc-5d52-9b67-872650570e0f,tg:mpmre:348_#1,e22_Marks,1,<p>CC</p> ,signatures (names),Nederlands
80aadbbc-c877-5339-9152-da8e3b206f64,tg:mpmre:358_#1,e22_Marks,1,<p>NN</p> ,signatures (names),Nederlands
01169b7a-13f1-5fc8-b41f-086a46591532,tg:mpmre:637_#1,e22_Marks,1,<p>B</p> ,signatures (names),Nederlands
37eadf6f-98e1-5e35-b2a3-41ff6f3bae44,tg:mpmre:304_#1,e22_Marks,1,<p>E</p> ,signatures (names),Nederlands
6255d363-43fd-5c39-9b4e-ebeba96bec10,tg:mpmre:314_#1,e22_Marks,1,<p>P</p> ,signatures (names),Nederlands
b44c76eb-445f-5316-9c54-519bd42a96d9,tg:mpmre:490_#1,e22_Marks,1,<p>D</p> ,signatures (names),Nederlands
500817e0-e9e7-5a9f-9a2c-9a32f739ce7d,tg:mpmre:41_#1,e22_Marks,1,<p>II</p> ,signatures (names),Nederlands
5fe9f6f3-2c46-57ba-add6-32cd8dbb7ccb,tg:mpmre:480_#1,e22_Marks,1,<p>II</p> ,signatures (names),Nederlands
e9cf7922-64e3-576c-89e4-4c7bc04968e5,tg:mpmre:51_#1,e22_Marks,1,<p>SS</p> ,signatures (names),Nederlands
446a980a-740f-571b-b9ee-d90d4ec509bb,tg:mpmre:23_#1,e22_Marks,1,<p>B</p> ,signatures (names),Nederlands
a495590b-3213-52a7-beca-d7d3ea6b9537,tg:mpmre:33_#1,e22_Marks,1,<p>AA</p> ,signatures (names),Nederlands
33f817ea-a9d3-5da9-b462-52dd968806cf,tg:mpmre:366_#1,e22_Marks,1,<p>VV²</p> ,signatures (names),Nederlands
a93cad10-d1c8-51cb-ae95-224bb4a6b9d0,tg:mpmre:376_#1,e22_Marks,1,<p>GGG</p> ,signatures (names),Nederlands
528a3dbb-0ac1-505c-be5d-abb44ad8e913,tg:mpmre:655_#1,e22_Marks,1,<p>A</p> ,signatures (names),Nederlands
a4cae757-4a8c-5e28-992a-746a221ff92c,tg:mpmre:645_#1,e22_Marks,1,<p>☀</p> ,signatures (names),Nederlands
2e9513b7-196c-5f40-b311-533adea1b696,tg:mpmre:382_#1,e22_Marks,1,<p>NNN</p> ,signatures (names),Nederlands
95a7c7d2-9992-5e8e-9950-751e324e2200,tg:mpmre:392_#1,e22_Marks,1,<p>ZZZ</p> ,signatures (names),Nederlands
63409add-273d-501e-a065-caa561902acd,tg:mpmre:416_#1,e22_Marks,1,<p>AAAAA</p> ,signatures (names),Nederlands
1ffe750d-7cbf-5a12-b249-f98a1b8ef3e7,tg:mpmre:406_#1,e22_Marks,1,<p>OOOO</p> ,signatures (names),Nederlands
2c7c5eff-af34-5947-a9a8-369ffd723a34,tg:mpmre:135_#1,e22_Marks,2,<p>F</p> ,signatures (names),Nederlands
383214d4-243f-5f80-b4c2-6bada8ca0ced,tg:mpmre:359_#1,e22_Marks,1,<p>OO</p> ,signatures (names),Nederlands
c063bcf1-beda-55f8-aa74-294510f31076,tg:mpmre:349_#1,e22_Marks,1,<p>DD</p> ,signatures (names),Nederlands
a2d61c89-ad3b-5d26-add9-4da8410f8d83,tg:mpmre:83_#1,e22_Marks,1,<p>[Zz]</p> ,signatures (names),Nederlands
066b8ae4-e896-54a8-93a0-3c09f7d5b36f,tg:mpmre:93_#1,e22_Marks,1,<p>KK</p> ,signatures (names),Nederlands
75f648a9-1243-5fc7-80bd-41383705e7b3,tg:mpmre:103_#1,e22_Marks,1,<p>TT</p> ,signatures (names),Nederlands
10d2c6c5-cff4-5caa-909d-3ebb137b4d2c,tg:mpmre:430_#1,e22_Marks,1,<p>DDDDDD-A-B-C-D</p> ,signatures (names),Nederlands
251507ff-fb93-5f0b-b723-7b2b60941282,tg:mpmre:420_#1,e22_Marks,1,<p>GGGGG-HHHHH</p> ,signatures (names),Nederlands
479dcad9-98f8-54ba-9409-9cd998b7b502,tg:mpmre:489_#1,e22_Marks,1,<p>K</p> ,signatures (names),Nederlands
7899d7b8-105b-5fdc-b756-7ee391f9ced4,tg:mpmre:58_#1,e22_Marks,1,<p>Bb</p> ,signatures (names),Nederlands
dcd56a96-0fb3-51cd-945d-59930172e26f,tg:mpmre:48_#1,e22_Marks,1,<p>QQ</p> ,signatures (names),Nederlands
a07d6936-0ff9-52ed-992a-dd5540a0f2ee,tg:mpmre:673_#1,e22_Marks,3,<p>Oud inventarisnummer: A 1</p> ,signatures (names),Nederlands
f4d880ec-e38b-59b4-8321-3a08cb409a73,tg:mpmre:663_#1,e22_Marks,1,<p>A</p> ,signatures (names),Nederlands
36d7f668-8836-5784-897d-9f0746246135,tg:mpmre:340_#1,e22_Marks,1,<p>Ss</p> ,signatures (names),Nederlands
1abb4925-fd67-591d-9bf7-ed3c4a9c46ff,tg:mpmre:350_#1,e22_Marks,1,<p>EE</p> ,signatures (names),Nederlands
4c3e63e6-8fa9-502a-a2b5-e9ea0a0d222d,tg:mpmre:67_#1,e22_Marks,1,<p>Ii</p> ,signatures (names),Nederlands
740fd09d-1a5f-5e27-94c3-a2c2e45b4920,tg:mpmre:77_#1,e22_Marks,1,<p>Rr</p> ,signatures (names),Nederlands
b2102d31-6fad-5f66-9c74-b680d8d977ef,tg:mpmre:6_#1,e22_Marks,1,<p>C</p> ,signatures (names),Nederlands
29fbf135-dfeb-505e-a9a3-a302bd5a45aa,tg:mpmre:322_#1,e22_Marks,1,<p>Z</p> ,signatures (names),Nederlands
4bdc2044-0d09-54f4-ad82-0ee8c91f446c,tg:mpmre:332_#1,e22_Marks,1,<p>Kk</p> ,signatures (names),Nederlands
71113ad2-cde5-5bfc-b12c-bc7c99edbc27,tg:mpmre:355_#1,e22_Marks,1,<p>KK</p> ,signatures (names),Nederlands
1ce036f5-b300-5bd0-bf99-c3882db5ab8e,tg:mpmre:345_#1,e22_Marks,1,<p>Zz</p> ,signatures (names),Nederlands
8db0ffa3-135a-5021-a753-77ba73f18bf9,tg:mpmre:478_#1,e22_Marks,1,<p>GG</p> ,signatures (names),Nederlands
11e90c32-f42c-5695-ac74-40f998daec18,tg:mpmre:468_#1,e22_Marks,1,<p>B</p> ,signatures (names),Nederlands
910dd6e3-0405-5d30-995c-988e7003219b,tg:mpmre:666_#1,e22_Marks,1,<p>G</p> ,signatures (names),Nederlands
fb969103-1595-5a41-bb9a-a0611b97ec11,tg:mpmre:676_#1,e22_Marks,2,<p>Oud inventarisnummer: A 4</p> ,signatures (names),Nederlands
999315fd-c220-5bcd-986a-8275861d1b96,tg:mpmre:72_#1,e22_Marks,1,<p>Mm</p> ,signatures (names),Nederlands
948dc5a6-3412-5a76-ba6e-68c0bd0213b7,tg:mpmre:62_#1,e22_Marks,1,<p>Ff</p> ,signatures (names),Nederlands
973fa52a-a95a-56a1-b461-2227fe9fdb3b,tg:mpmre:337_#1,e22_Marks,1,<p>Pp</p> ,signatures (names),Nederlands
7919aa3c-d2c5-555d-883c-4a76fd0a66e9,tg:mpmre:327_#1,e22_Marks,1,<p>Ee</p> ,signatures (names),Nederlands
5007b1d3-bc8a-5dca-99d7-5ea2c6e898f5,tg:mpmre:659_#1,e22_Marks,1,<p>F</p> ,signatures (names),Nederlands
77808191-7a53-50b9-9873-3aaa76df796c,tg:mpmre:649_#1,e22_Marks,1,<p>E</p> ,signatures (names),Nederlands
5b23742e-5e39-5aa5-8af1-3fc25ce13520,tg:mpmre:96_#1,e22_Marks,1,<p>NN</p> ,signatures (names),Nederlands
3a56412c-5a95-58b2-84eb-6b28fbee7832,tg:mpmre:86_#1,e22_Marks,1,<p>CC</p> ,signatures (names),Nederlands
bf1ee2ce-cef1-53d4-a347-a98896c08f07,tg:mpmre:425_#1,e22_Marks,1,<p>RRRRR-SSSSS</p> ,signatures (names),Nederlands
2053c59d-ac20-5852-ac05-44fec9d09a6c,tg:mpmre:435_#1,e22_Marks,1,<p>A-B-C-D-E-F-G-H-I-F-G-H-I-F-G-H-I-K</p> ,signatures (names),Nederlands
10a11a76-5f7e-54d6-ad22-a4b5cde30475,tg:mpmre:308_#1,e22_Marks,1,<p>I</p> ,signatures (names),Nederlands
90072057-c707-5394-adf3-ad469badf99c,tg:mpmre:318_#1,e22_Marks,1,<p>S</p> ,signatures (names),Nederlands
6c99113b-12a8-5d8d-9396-154eba942172,tg:mpmre:106_#1,e22_Marks,1,<p>ZZ</p> ,signatures (names),Nederlands
1e941198-9b37-5ad3-85d6-2e49f98fefb9,tg:mpmre:397_#1,e22_Marks,1,<p>EEEE</p> ,signatures (names),Nederlands
3c051ce3-efd0-5ede-8816-eb29f8b91f09,tg:mpmre:387_#1,e22_Marks,1,<p>SSS</p> ,signatures (names),Nederlands
a6aad2e6-0e45-58b6-bc8c-b0bd4706cfea,tg:mpmre:130_#1,e22_Marks,3,<p>A</p> ,signatures (names),Nederlands
adbe168a-c64b-5b18-b7b4-fb9b9b767e09,tg:mpmre:403_#1,e22_Marks,1,<p>LLLL</p> ,signatures (names),Nederlands
0f120089-edd8-5299-9d69-19f7facde8b0,tg:mpmre:413_#1,e22_Marks,1,<p>XXXX</p> ,signatures (names),Nederlands
c1b5c8c5-4080-5c45-8397-6f8d1b28f683,tg:mpmre:152_#1,e22_Marks,1,<p>D</p> ,signatures (names),Nederlands
ffcd0f6b-f4b4-57aa-b52d-2f1f3b06ae58,tg:mpmre:311_#1,e22_Marks,1,<p>M</p> ,signatures (names),Nederlands
a4e34996-9839-5306-a4eb-b5fe363fe126,tg:mpmre:485_#1,e22_Marks,1,<p>D</p> ,signatures (names),Nederlands
8e8fbc95-5645-5dfb-b4e9-16f26314f3b2,tg:mpmre:54_#1,e22_Marks,1,<p>XX</p> ,signatures (names),Nederlands
f6d4a51d-e771-5777-bdfa-ce418d60423a,tg:mpmre:44_#1,e22_Marks,1,<p>MM</p> ,signatures (names),Nederlands
30f6c814-dede-52e7-a018-400c7f85c00b,tg:mpmre:36_#1,e22_Marks,1,<p>CC</p> ,signatures (names),Nederlands
5da7361d-72d6-5370-9495-5b4382969a3a,tg:mpmre:640_#1,e22_Marks,2,<ul> <li></li> </ul> ,signatures (names),Nederlands
c3103234-7daf-5991-b167-8fbba2a71ace,tg:mpmre:650_#1,e22_Marks,1,<p>F</p> ,signatures (names),Nederlands
2f119307-43bf-54b3-88f5-3ddca5b6dea2,tg:mpmre:373_#1,e22_Marks,1,<p>DDD</p> ,signatures (names),Nederlands
0896b4b8-3df6-59a0-8c5f-0c3181d00ffc,tg:mpmre:363_#1,e22_Marks,1,<p>SS</p> ,signatures (names),Nederlands
41dfd659-6239-55dc-ab9c-ac0f6ba6d0f2,tg:mpmre:131_#1,e22_Marks,2,<p>B</p> ,signatures (names),Nederlands
683f6809-2f3a-50a3-a858-e3ad76300437,tg:mpmre:412_#1,e22_Marks,1,<p>VVVV</p> ,signatures (names),Nederlands
2b937559-b70a-5c3a-a9cf-326a78256acc,tg:mpmre:402_#1,e22_Marks,1,<p>KKKK</p> ,signatures (names),Nederlands
72b9aa7f-d6b9-5e12-884a-c9a75b2c712b,tg:mpmre:386_#1,e22_Marks,1,<p>RRR</p> ,signatures (names),Nederlands
5554d3b1-019a-5b8e-9fdd-565df843353b,tg:mpmre:396_#1,e22_Marks,1,<p>DDDD</p> ,signatures (names),Nederlands
040945c4-ea25-5159-90b1-45e2a01199fd,tg:mpmre:153_#1,e22_Marks,1,<p>E</p> ,signatures (names),Nederlands
429244aa-5d21-5e78-9425-1e357d42ac87,tg:mpmre:45_#1,e22_Marks,1,<p>NN</p> ,signatures (names),Nederlands
ccd0643a-09ba-5ee3-a59c-9e3152880c9c,tg:mpmre:55_#1,e22_Marks,1,<p>YY</p> ,signatures (names),Nederlands
3cf91558-352f-5363-a397-9df6b50c360e,tg:mpmre:484_#1,e22_Marks,1,<p>MM</p> ,signatures (names),Nederlands
9a5d0d2f-4ff1-5ccb-ab27-aaf811256e55,tg:mpmre:310_#1,e22_Marks,1,<p>L</p> ,signatures (names),Nederlands
9533c99c-a4a4-5b4f-8ff7-0d21ac3e5635,tg:mpmre:641_#1,e22_Marks,2,<p>C</p> ,signatures (names),Nederlands
a6d06f2f-5264-510c-a8cd-fbf5d9228ec4,tg:mpmre:362_#1,e22_Marks,1,<p>RR</p> ,signatures (names),Nederlands
0802d145-db0c-5e9a-90e1-723f1d7ee1a0,tg:mpmre:372_#1,e22_Marks,1,<p>CCC</p> ,signatures (names),Nederlands
3ae008db-4b48-5a03-94f1-53f39fd4cc16,tg:mpmre:37_#1,e22_Marks,1,<p>EE</p> ,signatures (names),Nederlands
92109159-31b1-5b4d-aa7b-15a32d3b9626,tg:mpmre:479_#1,e22_Marks,1,<p>HH</p> ,signatures (names),Nederlands
c799d16b-944e-525f-9f14-3763401708ef,tg:mpmre:344_#1,e22_Marks,1,<p>Yy</p> ,signatures (names),Nederlands
1aec8667-53b3-5d49-a7b0-2b9886235533,tg:mpmre:354_#1,e22_Marks,1,<p>II</p> ,signatures (names),Nederlands
86b240fb-f086-55cb-b795-506d8a07aa42,tg:mpmre:677_#1,e22_Marks,1,<p>Oud inventarisnummer: B 2</p> ,signatures (names),Nederlands
863465b2-9830-5450-b432-83be7c243441,tg:mpmre:615_#1,e22_Marks,2,<p>A</p> ,signatures (names),Nederlands
af6068e1-4e8b-57bb-9cf2-a8e7f624d470,tg:mpmre:326_#1,e22_Marks,1,<p>Dd</p> ,signatures (names),Nederlands
7e103c84-354c-5cff-a2ac-8807ec211a60,tg:mpmre:336_#1,e22_Marks,1,<p>Oo</p> ,signatures (names),Nederlands
14d253be-f149-50b8-8720-c7e69f15ca01,tg:mpmre:63_#1,e22_Marks,1,<p>Gg</p> ,signatures (names),Nederlands
a8f88cfc-1019-59f3-b804-5236c2fabd47,tg:mpmre:73_#1,e22_Marks,1,<p>Nn</p> ,signatures (names),Nederlands
5b7fa238-80b1-547f-a3b0-e5235e3e3cb4,tg:mpmre:648_#1,e22_Marks,1,<p>C</p> ,signatures (names),Nederlands
8f6db7e9-5ff9-5ec5-b5d0-c040884dc84e,tg:mpmre:87_#1,e22_Marks,1,<p>DD</p> ,signatures (names),Nederlands
2cf92a55-97bb-5d06-8db2-dd1999a24380,tg:mpmre:97_#1,e22_Marks,1,<p>OO</p> ,signatures (names),Nederlands
6e1a9721-a6f0-5919-a974-9baaf1dcbea0,tg:mpmre:693_#1,e22_Marks,2,<p>Oud inventarisnummer: B 1.</p> ,signatures (names),Nederlands
745e7c03-5178-5e40-8050-a5a44b05082d,tg:mpmre:319_#1,e22_Marks,1,<p>T-V</p> ,signatures (names),Nederlands
bd0ed05e-03b0-5a5a-8add-fc47fbed2e7c,tg:mpmre:309_#1,e22_Marks,1,<p>K</p> ,signatures (names),Nederlands
0abd1998-5649-53a9-b7be-da9ffdafa1ed,tg:mpmre:434_#1,e22_Marks,1,<p>L-M-N-M-N-M</p> ,signatures (names),Nederlands
5bc224ff-3a64-55d8-a954-4dca3362099a,tg:mpmre:424_#1,e22_Marks,1,<p>PPPPP-QQQQQ</p> ,signatures (names),Nederlands
9e32d022-60ca-5bbd-a2f7-c50529e82c83,tg:mpmre:107_#1,e22_Marks,1,<p>YY</p> ,signatures (names),Nederlands
953e572a-be36-5145-8168-31b9e30b127b,tg:mpmre:151_#1,e22_Marks,1,<p>C</p> ,signatures (names),Nederlands
f2e63b68-c043-5984-80d8-7bff6f4bc4b0,tg:mpmre:400_#1,e22_Marks,1,<p>HHHH</p> ,signatures (names),Nederlands
8156dfdf-0715-5596-8bf6-8b5d4067263c,tg:mpmre:410_#1,e22_Marks,1,<p>SSSS</p> ,signatures (names),Nederlands
a27a4f81-0f58-5270-9ffb-e32ebe5008c4,tg:mpmre:133_#1,e22_Marks,2,<p>D</p> ,signatures (names),Nederlands
2a3d916d-3f1d-5de6-ad6c-1c317625b256,tg:mpmre:78_#1,e22_Marks,1,<p>Ss</p> ,signatures (names),Nederlands
3a055adc-68ce-5662-ba68-d538930d5785,tg:mpmre:394_#1,e22_Marks,1,<p>BBBB</p> ,signatures (names),Nederlands
52dad6c7-2000-5dda-a307-74b2e21c3341,tg:mpmre:384_#1,e22_Marks,1,<p>PPP</p> ,signatures (names),Nederlands
f9974437-dc95-5751-a644-ed3f59a42b49,tg:mpmre:370_#1,e22_Marks,1,<p>AAA</p> ,signatures (names),Nederlands
51c8c083-bf74-5664-8f35-39fb5d585be2,tg:mpmre:360_#1,e22_Marks,1,<p>PP</p> ,signatures (names),Nederlands
d2c5a620-33e8-5534-a869-700097ff5961,tg:mpmre:643_#1,e22_Marks,1,<p>++</p> ,signatures (names),Nederlands
ab9064a2-22d2-5715-9d7b-0def16d24c04,tg:mpmre:653_#1,e22_Marks,1,<p>H</p> ,signatures (names),Nederlands
759bd659-81e3-5b39-b6f6-7794750be19d,tg:mpmre:57_#1,e22_Marks,1,<p>Aa</p> ,signatures (names),Nederlands
f63700a8-11be-57e7-9d5f-bff8b25461f9,tg:mpmre:486_#1,e22_Marks,1,<p>EE</p> ,signatures (names),Nederlands
0472504d-fb68-5287-9b80-5f891eef838f,tg:mpmre:47_#1,e22_Marks,1,<p>PP</p> ,signatures (names),Nederlands
fccdd1a9-1c60-559e-aa0d-0abc21e72fa8,tg:mpmre:312_#1,e22_Marks,1,<p>N</p> ,signatures (names),Nederlands
596ccfba-0711-56d9-a9cb-f5b290be6057,tg:mpmre:419_#1,e22_Marks,1,<p>EEEEE-FFFFF</p> ,signatures (names),Nederlands
e825b082-88d3-5002-a304-de7a63e4c521,tg:mpmre:409_#1,e22_Marks,1,<p>RRRR</p> ,signatures (names),Nederlands
df0ede7d-8022-5be8-9f7c-19dab4fbc7ff,tg:mpmre:334_#1,e22_Marks,1,<p>Mm</p> ,signatures (names),Nederlands
38c163f1-f999-5c44-9240-5901a9338c0e,tg:mpmre:324_#1,e22_Marks,1,<p>Bb</p> ,signatures (names),Nederlands
2337bfea-82e0-5552-b9fa-4f4734f19850,tg:mpmre:617_#1,e22_Marks,2,<p>C</p> ,signatures (names),Nederlands
6805cac8-9471-51c5-8833-feeb33e87d21,tg:mpmre:71_#1,e22_Marks,1,<p>Ll</p> ,signatures (names),Nederlands
33badc06-3a5b-559a-9deb-90f32f357b68,tg:mpmre:61_#1,e22_Marks,1,<p>Ee</p> ,signatures (names),Nederlands
79cbf3ab-c1bd-5b9d-b040-623269762a88,tg:mpmre:665_#1,e22_Marks,1,<p>F</p> ,signatures (names),Nederlands
6fe9323b-28e8-537b-beeb-78087c1bada3,tg:mpmre:675_#1,e22_Marks,3,<p>Oud inventarisnummer: A 3</p> ,signatures (names),Nederlands
ac9c7cf3-1336-55c9-9e56-6a7997d45728,tg:mpmre:356_#1,e22_Marks,1,<p>LL</p> ,signatures (names),Nederlands
56b8373d-fc22-5f55-8a23-7c2d33405698,tg:mpmre:346_#1,e22_Marks,1,<p>AA</p> ,signatures (names),Nederlands
6f03b973-c2a0-539a-b144-83dfe5822df0,tg:mpmre:691_#1,e22_Marks,2,<p>Oud inventarisnummer: C 2</p> ,signatures (names),Nederlands
dafc9892-d767-570f-a5bb-1ab3e68d0bec,tg:mpmre:105_#1,e22_Marks,1,<p>YY</p> ,signatures (names),Nederlands
8e925565-b88f-5773-8c7e-d84b7872170c,tg:mpmre:426_#1,e22_Marks,1,<p>TTTTT-VVVVV</p> ,signatures (names),Nederlands
e358bf75-8638-50be-8e61-88c47b324ecd,tg:mpmre:436_#1,e22_Marks,1,<p>B-[C-D-E-F-G-H-I-K-L-M]</p> ,signatures (names),Nederlands
3cd19508-3ded-5853-aaa8-0bbc16cead9e,tg:mpmre:369_#1,e22_Marks,1,<p>ZZ</p> ,signatures (names),Nederlands
4706795a-7768-58b9-a6e0-00b8b7c5b712,tg:mpmre:379_#1,e22_Marks,1,<p>KKK</p> ,signatures (names),Nederlands
889fb967-2863-52d2-89dc-55ea8879b4e7,tg:mpmre:95_#1,e22_Marks,1,<p>MM</p> ,signatures (names),Nederlands
24a702be-f761-5fe7-9cca-602c0eecc7bc,tg:mpmre:85_#1,e22_Marks,1,<p>BB</p> ,signatures (names),Nederlands
1478a3f4-97be-5d68-a0ed-2a7be7c845a0,tg:mpmre:60_#1,e22_Marks,1,<p>Dd</p> ,signatures (names),Nederlands
54e7be2e-aded-5381-8622-ab5be730aada,tg:mpmre:70_#1,e22_Marks,1,<p>Kk</p> ,signatures (names),Nederlands
b10e6a77-5737-5e73-a73e-0f3e43cad94b,tg:mpmre:325_#1,e22_Marks,1,<p>Cc</p> ,signatures (names),Nederlands
51f02ce3-e265-58f3-8ef3-d4fdfbf171df,tg:mpmre:335_#1,e22_Marks,1,<p>Nn</p> ,signatures (names),Nederlands
8282310e-8aa5-5c48-8755-69c4ac64bfa0,tg:mpmre:408_#1,e22_Marks,1,<p>QQQQ</p> ,signatures (names),Nederlands
871b0f52-47c9-5636-ba8c-80c50b9203b6,tg:mpmre:418_#1,e22_Marks,1,<p>CCCCC-DDDDD</p> ,signatures (names),Nederlands
c25159eb-3461-5422-86f2-ee16f4ac4468,tg:mpmre:616_#1,e22_Marks,2,<p>B</p> ,signatures (names),Nederlands
564af6d1-ccdd-5dc1-917b-3ac0739195d7,tg:mpmre:149_#1,e22_Marks,1,<p>A</p> ,signatures (names),Nederlands
004129c1-7161-55e4-96d4-792ff4f6a214,tg:mpmre:674_#1,e22_Marks,3,<p>Oud inventarisnummer: A 2</p> ,signatures (names),Nederlands
c8482190-e2d1-5436-b9ef-3b9b6d8bf488,tg:mpmre:664_#1,e22_Marks,1,<p>F</p> ,signatures (names),Nederlands
49135a19-ba81-527a-89c1-0161d0cc24a4,tg:mpmre:347_#1,e22_Marks,1,<p>BB</p> ,signatures (names),Nederlands
3dc4c602-12fb-5157-b2f4-deefc652c936,tg:mpmre:357_#1,e22_Marks,1,<p>MM</p> ,signatures (names),Nederlands
2dfd4c52-e631-5507-9935-e349d8e7b9e1,tg:mpmre:427_#1,e22_Marks,1,<p>XXXXX-YYYYY</p> ,signatures (names),Nederlands
3fab3ba5-5f06-5894-9fa8-6e105468ed21,tg:mpmre:690_#1,e22_Marks,2,<p>Oud inventarisnummer: C 1</p> ,signatures (names),Nederlands
682c5cf7-5aa9-530f-b949-f72803fc535c,tg:mpmre:680_#1,e22_Marks,3,<p>Oud inventarisnummer: B 5</p> ,signatures (names),Nederlands
87ccf192-e366-5cac-aa86-315948826e2c,tg:mpmre:84_#1,e22_Marks,1,<p>AA</p> ,signatures (names),Nederlands
65562fb6-f91b-5c06-b708-f43cc0762a91,tg:mpmre:94_#1,e22_Marks,1,<p>LL</p> ,signatures (names),Nederlands
cda5f461-d96e-5f94-9239-7dec46bbad29,tg:mpmre:378_#1,e22_Marks,1,<p>III</p> ,signatures (names),Nederlands
86839aa4-c447-5e46-81d5-12ab473a737c,tg:mpmre:368_#1,e22_Marks,1,<p>YY</p> ,signatures (names),Nederlands
a57cf7b7-01c0-5b0c-af58-ddd9d24b2873,tg:mpmre:150_#1,e22_Marks,1,<p>B</p> ,signatures (names),Nederlands
9be5b0ef-8102-59c3-9add-21a70f76e323,tg:mpmre:385_#1,e22_Marks,1,<p>QQQ</p> ,signatures (names),Nederlands
13736c7c-52df-584b-b7c0-1a6543c35b2e,tg:mpmre:395_#1,e22_Marks,1,<p>CCCC</p> ,signatures (names),Nederlands
2dca1c43-5563-5cf6-89dd-ec041fca1be7,tg:mpmre:8_#1,e22_Marks,1,<p>DD</p> ,signatures (names),Nederlands
01c72541-67bd-530e-8175-bfa1af28424b,tg:mpmre:79_#1,e22_Marks,1,<p>Tt</p> ,signatures (names),Nederlands
b3d9ef7c-5ca1-5f40-a13c-f93c1904dc8f,tg:mpmre:411_#1,e22_Marks,1,<p>TTTT</p> ,signatures (names),Nederlands
41f76308-4e83-59f2-9b74-ff0a84944ab4,tg:mpmre:569_#1,e22_Marks,1,<p>A</p> ,signatures (names),Nederlands
dab1c236-2821-5cf2-84d6-1e9a21ac5527,tg:mpmre:401_#1,e22_Marks,1,<p>IIII</p> ,signatures (names),Nederlands
fd2478e0-774f-5766-afc4-acd13fa72deb,tg:mpmre:132_#1,e22_Marks,2,<p>C</p> ,signatures (names),Nederlands
c6b81492-8043-5d5c-ada4-529735c99a28,tg:mpmre:34_#1,e22_Marks,1,<p>BB</p> ,signatures (names),Nederlands
5720340d-2bec-585b-8ca6-befee76bde0f,tg:mpmre:361_#1,e22_Marks,1,<p>QQ</p> ,signatures (names),Nederlands
3147861d-6239-570f-9dbc-c6758d663b01,tg:mpmre:371_#1,e22_Marks,1,<p>BBB</p> ,signatures (names),Nederlands
7e7e86f4-1793-5576-a7fd-545752cf5bd9,tg:mpmre:652_#1,e22_Marks,1,<p>G</p> ,signatures (names),Nederlands
1241a577-cbc1-5f09-ae2f-e2fd8610069f,tg:mpmre:642_#1,e22_Marks,1,<p>D</p> ,signatures (names),Nederlands
34516b65-b33e-5a82-878d-ced1de0566e1,tg:mpmre:620_#1,e22_Marks,1,<p>D</p> ,signatures (names),Nederlands
6186711b-c5e4-5465-bcc7-e9ec7bc7826a,tg:mpmre:303_#1,e22_Marks,1,<p>D</p> ,signatures (names),Nederlands
ac0a6c45-4f9a-55ca-a36c-deb463ef625f,tg:mpmre:313_#1,e22_Marks,1,<p>O</p> ,signatures (names),Nederlands
d0bfcd79-a489-5a92-bc25-5e670034d832,tg:mpmre:46_#1,e22_Marks,1,<p>OO</p> ,signatures (names),Nederlands
814310c0-6534-5751-8ca8-ea8d76f04357,tg:mpmre:487_#1,e22_Marks,1,<p>FF</p> ,signatures (names),Nederlands
270cc033-6611-5381-b038-ffe52806bec6,tg:mpmre:56_#1,e22_Marks,1,<p>ZZ</p> ,signatures (names),Nederlands
