ResourceID,brocade.id,card,order,carrier_type_source_field,Carrier Type
c3a3aad4-e5a2-53ae-9122-1374e1ae944f,tg:mpmak:31_#1,e22_Carrier,1,kenmerken.mpmdragerak,paper (fiber product)
518c1b18-f962-5208-9fb5-be34ac12df7e,tg:mpmak:21_#1,e22_Carrier,1,kenmerken.mpmdragerak,paper (fiber product)
fa0627da-a5b7-5bd6-8ce9-2d120f03351e,tg:mpmak:88_#1,e22_Carrier,1,kenmerken.mpmdragerak,paper (fiber product)
0d8d0b6e-d645-57fc-9af7-b196e23f6d43,tg:mpmak:98_#1,e22_Carrier,1,kenmerken.mpmdragerak,paper (fiber product)
7dbc0109-9400-5aa6-a13f-f2ee88d17a9b,tg:mpmak:374_#1,e22_Carrier,1,kenmerken.mpmdragerak,paper (fiber product)
70d1c9b5-908a-5dcf-8e46-389c70937186,tg:mpmak:364_#1,e22_Carrier,1,kenmerken.mpmdragerak,paper (fiber product)
f2c9bdf9-f5f1-5143-b3fa-4024286a1279,tg:mpmak:316_#1,e22_Carrier,1,kenmerken.mpmdragerak,paper (fiber product)
3b630bd9-b1b4-5851-b403-777b8cf78913,tg:mpmak:306_#1,e22_Carrier,1,kenmerken.mpmdragerak,paper (fiber product)
400f4e32-734d-5a98-bdbd-e473c1e1838b,tg:mpmak:108_#1,e22_Carrier,1,kenmerken.mpmdragerak,paper (fiber product)
18c4a3e8-2707-5693-9b12-e053146e7728,tg:mpmak:118_#1,e22_Carrier,1,kenmerken.mpmdragerak,paper (fiber product)
3b8e935c-a566-5e70-b272-66513e86ad80,tg:mpmak:53_#1,e22_Carrier,1,kenmerken.mpmdragerak,paper (fiber product)
275b3693-75f8-58c2-8561-a99b57cea1e7,tg:mpmak:43_#1,e22_Carrier,1,kenmerken.mpmdragerak,paper (fiber product)
b10125f1-615e-5828-bcc5-2df0c11aa0b2,tg:mpmak:233_#1,e22_Carrier,1,kenmerken.mpmdragerak,paper (fiber product)
0ef04bfb-d376-5bdf-8593-fe5b547a9d7c,tg:mpmak:223_#1,e22_Carrier,1,kenmerken.mpmdragerak,paper (fiber product)
4152b2e1-1228-57b9-810e-c312055660bf,tg:mpmak:155_#1,e22_Carrier,1,kenmerken.mpmdragerak,paper (fiber product)
3be0a24b-66b7-5d84-884d-9eca42fbdff1,tg:mpmak:145_#1,e22_Carrier,1,kenmerken.mpmdragerak,paper (fiber product)
05a67dd5-9401-5b16-82bd-5f69ba47fa4f,tg:mpmak:390_#1,e22_Carrier,1,kenmerken.mpmdragerak,paper (fiber product)
68fe5aeb-854d-5a8f-8036-2b02fa1020d8,tg:mpmak:137_#1,e22_Carrier,1,kenmerken.mpmdragerak,paper (fiber product)
f7aca78c-8533-503a-aa85-4ddc1ccdbe94,tg:mpmak:127_#1,e22_Carrier,1,kenmerken.mpmdragerak,paper (fiber product)
3a0d553d-744c-5c6d-989d-b6a751ee2f76,tg:mpmak:251_#1,e22_Carrier,1,kenmerken.mpmdragerak,paper (fiber product)
ecf35748-5370-5832-a75e-de73a1a86e8a,tg:mpmak:329_#1,e22_Carrier,1,kenmerken.mpmdragerak,paper (fiber product)
1a6b3062-b70c-5cb4-97d4-d2e8aa798a61,tg:mpmak:241_#1,e22_Carrier,1,kenmerken.mpmdragerak,paper (fiber product)
962a9a7a-a143-5def-bd44-00c3539ff5c4,tg:mpmak:339_#1,e22_Carrier,1,kenmerken.mpmdragerak,paper (fiber product)
89940c61-c2b9-554d-ad10-0e7b03501e01,tg:mpmak:277_#1,e22_Carrier,1,kenmerken.mpmdragerak,paper (fiber product)
283897f3-2e36-5d94-afff-66f35bc05551,tg:mpmak:267_#1,e22_Carrier,1,kenmerken.mpmdragerak,paper (fiber product)
5518afa6-79a4-54a2-b0a6-f82100d78236,tg:mpmak:111_#1,e22_Carrier,1,kenmerken.mpmdragerak,paper (fiber product)
a8c204c0-37c6-5f61-8eaf-9f2be080ea73,tg:mpmak:101_#1,e22_Carrier,1,kenmerken.mpmdragerak,paper (fiber product)
5c4d648a-72b3-5492-8f79-3531f4dc64dc,tg:mpmak:28_#1,e22_Carrier,1,kenmerken.mpmdragerak,parchment (animal material)
7db6155b-c43b-541c-8214-1cf4a663d1d6,tg:mpmak:38_#1,e22_Carrier,1,kenmerken.mpmdragerak,paper (fiber product)
5769149e-78d9-5ca0-b457-511ee4a38471,tg:mpmak:173_#1,e22_Carrier,1,kenmerken.mpmdragerak,paper (fiber product)
320273fd-78b6-5139-a7b5-884575cffed4,tg:mpmak:163_#1,e22_Carrier,1,kenmerken.mpmdragerak,paper (fiber product)
7048642d-c871-55e3-bf00-971b2b6d3531,tg:mpmak:91_#1,e22_Carrier,1,kenmerken.mpmdragerak,paper (fiber product)
d8c5e437-466f-5c33-9c1b-f0d908a1723d,tg:mpmak:81_#1,e22_Carrier,1,kenmerken.mpmdragerak,paper (fiber product)
a6ee8554-d3b2-521f-b64a-763c041711f4,tg:mpmak:215_#1,e22_Carrier,1,kenmerken.mpmdragerak,paper (fiber product)
306cf274-dd00-5d1b-905f-fc02fde07819,tg:mpmak:205_#1,e22_Carrier,1,kenmerken.mpmdragerak,paper (fiber product)
ace5763d-bb1e-5942-9c04-5be71caaecd1,tg:mpmak:389_#1,e22_Carrier,1,kenmerken.mpmdragerak,paper (fiber product)
5c0375d2-4566-5265-93d3-1de452a5212e,tg:mpmak:399_#1,e22_Carrier,1,kenmerken.mpmdragerak,paper (fiber product)
518a0509-88c9-5a96-a853-143976d131f6,tg:mpmak:75_#1,e22_Carrier,1,kenmerken.mpmdragerak,paper (fiber product)
e3aa4abf-dcb9-51da-8584-dbbb282cb693,tg:mpmak:65_#1,e22_Carrier,1,kenmerken.mpmdragerak,paper (fiber product)
426f265e-64bd-5d91-bb57-a61371de087f,tg:mpmak:197_#1,e22_Carrier,1,kenmerken.mpmdragerak,paper (fiber product)
7820bd2f-b67b-55a3-9a11-1fd90940541a,tg:mpmak:187_#1,e22_Carrier,1,kenmerken.mpmdragerak,paper (fiber product)
5215da0a-01e7-5c39-a948-b25cabd798f0,tg:mpmak:248_#1,e22_Carrier,1,kenmerken.mpmdragerak,paper (fiber product)
1855121a-e71c-5e6e-a834-eec5280ed8d5,tg:mpmak:330_#1,e22_Carrier,1,kenmerken.mpmdragerak,paper (fiber product)
efb3f135-265f-5660-bc2d-225c29012869,tg:mpmak:258_#1,e22_Carrier,1,kenmerken.mpmdragerak,paper (fiber product)
6fd233d2-710f-5251-88fe-057785371d4a,tg:mpmak:352_#1,e22_Carrier,1,kenmerken.mpmdragerak,paper (fiber product)
8c030446-4339-5be8-aea8-98340c746544,tg:mpmak:342_#1,e22_Carrier,1,kenmerken.mpmdragerak,paper (fiber product)
226ffcad-e68d-53b7-acb8-d2dd4b1f8aa9,tg:mpmak:17_#1,e22_Carrier,1,kenmerken.mpmdragerak,paper (fiber product)
7e424362-4c7a-5d70-b291-3fce61f08f10,tg:mpmak:293_#1,e22_Carrier,1,kenmerken.mpmdragerak,paper (fiber product)
7a908658-6625-53b6-91a7-5151a0095e76,tg:mpmak:283_#1,e22_Carrier,1,kenmerken.mpmdragerak,paper (fiber product)
566ab0c8-c070-531d-bfa7-8abeb3618eab,tg:mpmak:266_#1,e22_Carrier,1,kenmerken.mpmdragerak,paper (fiber product)
e210ff0c-70a9-5d00-9b19-56800534ae48,tg:mpmak:276_#1,e22_Carrier,1,kenmerken.mpmdragerak,paper (fiber product)
73f27697-38cd-572e-a075-167a3f3ad94f,tg:mpmak:100_#1,e22_Carrier,1,kenmerken.mpmdragerak,paper (fiber product)
97252466-efbf-5a27-b01e-e31823121680,tg:mpmak:110_#1,e22_Carrier,1,kenmerken.mpmdragerak,paper (fiber product)
749209ca-bb8d-551a-9107-c53786fdcc08,tg:mpmak:162_#1,e22_Carrier,1,kenmerken.mpmdragerak,paper (fiber product)
c0f30f3b-53ac-579d-9732-83aa7c58f5f5,tg:mpmak:172_#1,e22_Carrier,1,kenmerken.mpmdragerak,paper (fiber product)
bf830778-92f8-5dbc-9e13-01a4d0100fda,tg:mpmak:204_#1,e22_Carrier,1,kenmerken.mpmdragerak,paper (fiber product)
885f42b9-f809-5555-8334-759e353a63d9,tg:mpmak:214_#1,e22_Carrier,1,kenmerken.mpmdragerak,paper (fiber product)
9a028d3d-74cb-52c6-bf9f-849e909547a1,tg:mpmak:80_#1,e22_Carrier,1,kenmerken.mpmdragerak,paper (fiber product)
7bb4dd84-80f0-5de4-b153-3fb8c24c9277,tg:mpmak:90_#1,e22_Carrier,1,kenmerken.mpmdragerak,paper (fiber product)
5c99ccaf-f053-5d14-b1a6-40f55ec372f4,tg:mpmak:39_#1,e22_Carrier,1,kenmerken.mpmdragerak,paper (fiber product)
5d2e47e0-8eb0-5a0a-8abb-ed769be292a8,tg:mpmak:29_#1,e22_Carrier,1,kenmerken.mpmdragerak,paper (fiber product)
0b53552e-4dd9-554e-b52a-e353d452a604,tg:mpmak:321_#1,e22_Carrier,1,kenmerken.mpmdragerak,paper (fiber product)
228c60c3-2e37-58ba-b32a-26f9ba45f62e,tg:mpmak:259_#1,e22_Carrier,1,kenmerken.mpmdragerak,paper (fiber product)
65ee47b3-7851-5944-b6a0-55f7325f85cd,tg:mpmak:331_#1,e22_Carrier,1,kenmerken.mpmdragerak,paper (fiber product)
119b10cc-9d38-56f2-aa85-d2aaa576360d,tg:mpmak:249_#1,e22_Carrier,1,kenmerken.mpmdragerak,paper (fiber product)
66675b92-5682-5431-ae3a-177b8bd3ebe8,tg:mpmak:64_#1,e22_Carrier,1,kenmerken.mpmdragerak,paper (fiber product)
d4d3db5e-243d-5442-af0a-89515723c065,tg:mpmak:74_#1,e22_Carrier,1,kenmerken.mpmdragerak,paper (fiber product)
af779453-52c8-5d5e-b6eb-02137e720c32,tg:mpmak:5_#1,e22_Carrier,1,kenmerken.mpmdragerak,parchment (animal material)
c71349a7-b049-5a8b-8aaf-d5d502df8aad,tg:mpmak:398_#1,e22_Carrier,1,kenmerken.mpmdragerak,paper (fiber product)
c4cdbb57-2355-51e8-a033-eb8732b9d073,tg:mpmak:388_#1,e22_Carrier,1,kenmerken.mpmdragerak,parchment (animal material)
2aa00149-191b-517b-875f-ce5fba04d225,tg:mpmak:186_#1,e22_Carrier,1,kenmerken.mpmdragerak,paper (fiber product)
4654a662-fae4-568f-817f-a5b959fb6cb7,tg:mpmak:196_#1,e22_Carrier,1,kenmerken.mpmdragerak,paper (fiber product)
b046e2f0-82ac-5572-bbbd-a0bedcea1579,tg:mpmak:282_#1,e22_Carrier,1,kenmerken.mpmdragerak,paper (fiber product)
60b58eef-b748-5f6b-a8a9-9dfe07faa0c8,tg:mpmak:292_#1,e22_Carrier,1,kenmerken.mpmdragerak,paper (fiber product)
d658efae-4729-5980-8414-40e939791255,tg:mpmak:16_#1,e22_Carrier,1,kenmerken.mpmdragerak,paper (fiber product)
967b6cba-ef79-5d16-8f79-7cd16ece6aac,tg:mpmak:343_#1,e22_Carrier,1,kenmerken.mpmdragerak,paper (fiber product)
3d210e6d-8b2d-595c-9546-35544f58d8ff,tg:mpmak:353_#1,e22_Carrier,1,kenmerken.mpmdragerak,paper (fiber product)
551a2dec-0bc9-5308-bba9-73f4815a67b8,tg:mpmak:365_#1,e22_Carrier,1,kenmerken.mpmdragerak,paper (fiber product)
5bcdcfe6-0b39-53ad-86f7-a4e749009aa9,tg:mpmak:375_#1,e22_Carrier,1,kenmerken.mpmdragerak,paper (fiber product)
724a6a61-21f0-5819-b9aa-9b0d22abc2ad,tg:mpmak:99_#1,e22_Carrier,1,kenmerken.mpmdragerak,paper (fiber product)
9fde03d4-41e8-528a-91a1-c98be39f4ef3,tg:mpmak:89_#1,e22_Carrier,1,kenmerken.mpmdragerak,paper (fiber product)
eb9e0264-8607-55e6-b4e1-6708b9eb1505,tg:mpmak:20_#1,e22_Carrier,1,kenmerken.mpmdragerak,paper (fiber product)
20cfd0dc-ab7f-5ffd-a3f2-76a75955a88f,tg:mpmak:30_#1,e22_Carrier,1,kenmerken.mpmdragerak,paper (fiber product)
b83bdcf0-325d-5170-8fa7-323d34e290cd,tg:mpmak:42_#1,e22_Carrier,1,kenmerken.mpmdragerak,paper (fiber product)
f12aa7b4-83a9-5d6d-850e-6747311891fe,tg:mpmak:52_#1,e22_Carrier,1,kenmerken.mpmdragerak,paper (fiber product)
5e22ed79-facc-514b-9c53-1b2bf61156e3,tg:mpmak:307_#1,e22_Carrier,1,kenmerken.mpmdragerak,paper (fiber product)
59e96cd5-ca09-54f9-8299-108fe617363f,tg:mpmak:317_#1,e22_Carrier,1,kenmerken.mpmdragerak,paper (fiber product)
3b3a6a33-9cdc-50d9-b57a-d3e54cd0211e,tg:mpmak:119_#1,e22_Carrier,1,kenmerken.mpmdragerak,paper (fiber product)
51e4f2a4-7525-5a83-8f56-fea1b4b2974a,tg:mpmak:109_#1,e22_Carrier,1,kenmerken.mpmdragerak,paper (fiber product)
990d3841-fc4c-5904-a0dd-160038984769,tg:mpmak:222_#1,e22_Carrier,1,kenmerken.mpmdragerak,parchment (animal material)
9d428113-9806-594c-9f50-10f3011667f6,tg:mpmak:232_#1,e22_Carrier,1,kenmerken.mpmdragerak,paper (fiber product)
bc0f178b-5f83-57f9-91b6-10931ad4198f,tg:mpmak:144_#1,e22_Carrier,1,kenmerken.mpmdragerak,paper (fiber product)
3e175d6a-07fd-570b-93bc-89a32b180abc,tg:mpmak:154_#1,e22_Carrier,1,kenmerken.mpmdragerak,paper (fiber product)
225e5898-4e24-5d86-90db-c04fc912330f,tg:mpmak:126_#1,e22_Carrier,1,kenmerken.mpmdragerak,paper (fiber product)
66b46372-68a8-55ce-81b2-bef6cd80f6ce,tg:mpmak:136_#1,e22_Carrier,1,kenmerken.mpmdragerak,paper (fiber product)
b4263185-b9b0-53ee-b8e9-e61e458ec042,tg:mpmak:338_#1,e22_Carrier,1,kenmerken.mpmdragerak,paper (fiber product)
ac91df84-116a-5eee-a80c-fd7c6f36ce42,tg:mpmak:240_#1,e22_Carrier,1,kenmerken.mpmdragerak,paper (fiber product)
81a9c26c-b9dd-52b6-a042-28b741f813a6,tg:mpmak:328_#1,e22_Carrier,1,kenmerken.mpmdragerak,paper (fiber product)
af91cee5-801d-5aed-b7d4-b530b85b381f,tg:mpmak:250_#1,e22_Carrier,1,kenmerken.mpmdragerak,paper (fiber product)
ae69b352-3ee8-554b-b188-ebb99358d9e3,tg:mpmak:391_#1,e22_Carrier,1,kenmerken.mpmdragerak,paper (fiber product)
3aff9957-4b87-587e-8606-d61f944584b2,tg:mpmak:92_#1,e22_Carrier,1,kenmerken.mpmdragerak,paper (fiber product)
11157f66-224e-5edd-9498-f82a9e1a1912,tg:mpmak:82_#1,e22_Carrier,1,kenmerken.mpmdragerak,paper (fiber product)
8c72aa28-8c04-5cbd-9051-41a88f1d587f,tg:mpmak:216_#1,e22_Carrier,1,kenmerken.mpmdragerak,paper (fiber product)
aee86a5e-65dd-58b8-9b8d-3cee06d4bfe9,tg:mpmak:206_#1,e22_Carrier,1,kenmerken.mpmdragerak,paper (fiber product)
49577ece-2d07-5c43-bc29-2aa8feff1964,tg:mpmak:170_#1,e22_Carrier,1,kenmerken.mpmdragerak,paper (fiber product)
81beafc4-3560-5b8c-ac23-b4d025dd1297,tg:mpmak:160_#1,e22_Carrier,1,kenmerken.mpmdragerak,paper (fiber product)
cec72f11-0e20-5ec6-8f33-5c5a2bc60bdc,tg:mpmak:49_#1,e22_Carrier,1,kenmerken.mpmdragerak,paper (fiber product)
a6ce371f-ee8a-5f17-9d1a-5e8804499bda,tg:mpmak:59_#1,e22_Carrier,1,kenmerken.mpmdragerak,paper (fiber product)
307d3897-fce3-5e54-8515-dffdc4db0b31,tg:mpmak:112_#1,e22_Carrier,1,kenmerken.mpmdragerak,paper (fiber product)
67e0f6d7-e3df-5054-80de-7dd863e43218,tg:mpmak:102_#1,e22_Carrier,1,kenmerken.mpmdragerak,paper (fiber product)
5beef34b-7471-5394-9198-1d4fd68739e0,tg:mpmak:274_#1,e22_Carrier,1,kenmerken.mpmdragerak,paper (fiber product)
e50bd51b-482e-5db4-b77c-8980e7231c36,tg:mpmak:264_#1,e22_Carrier,1,kenmerken.mpmdragerak,paper (fiber product)
12b92c6d-8321-5875-afe2-ede588dd8c01,tg:mpmak:290_#1,e22_Carrier,1,kenmerken.mpmdragerak,paper (fiber product)
c253278c-ae25-5577-9703-d96e203e7b29,tg:mpmak:280_#1,e22_Carrier,1,kenmerken.mpmdragerak,paper (fiber product)
63a59b84-7a29-5d76-ad07-b99f0db7d8d6,tg:mpmak:351_#1,e22_Carrier,1,kenmerken.mpmdragerak,paper (fiber product)
87ce4cc3-430d-5db6-87cf-7e31b4d1ec91,tg:mpmak:229_#1,e22_Carrier,1,kenmerken.mpmdragerak,paper (fiber product)
121c3fe9-5478-58e6-bdb1-bfc3aa3348a4,tg:mpmak:341_#1,e22_Carrier,1,kenmerken.mpmdragerak,paper (fiber product)
f242ef2e-eb7a-5c2a-acf4-809106936c4b,tg:mpmak:239_#1,e22_Carrier,1,kenmerken.mpmdragerak,paper (fiber product)
753d9525-34e8-5fb7-a97f-35fbd5941689,tg:mpmak:333_#1,e22_Carrier,1,kenmerken.mpmdragerak,paper (fiber product)
b7434faf-0fe9-5b64-91a7-42846554f53a,tg:mpmak:323_#1,e22_Carrier,1,kenmerken.mpmdragerak,paper (fiber product)
6e6081bb-bb0b-5e48-b29e-d41efff5594c,tg:mpmak:194_#1,e22_Carrier,1,kenmerken.mpmdragerak,paper (fiber product)
78b316db-fd2f-5518-8e39-9e8ed51534f6,tg:mpmak:184_#1,e22_Carrier,1,kenmerken.mpmdragerak,paper (fiber product)
d8140773-30d1-53c7-98c4-6f7bdf882331,tg:mpmak:76_#1,e22_Carrier,1,kenmerken.mpmdragerak,paper (fiber product)
0addfbdb-bfde-5e99-86a9-a3c78e14b90a,tg:mpmak:66_#1,e22_Carrier,1,kenmerken.mpmdragerak,paper (fiber product)
872c1cfc-f5a8-564a-9ccf-fd4913d53b38,tg:mpmak:50_#1,e22_Carrier,1,kenmerken.mpmdragerak,paper (fiber product)
e4524058-73ad-5830-bc17-a744465711b6,tg:mpmak:40_#1,e22_Carrier,1,kenmerken.mpmdragerak,paper (fiber product)
a2b0acd4-16b4-5354-88cb-725bef770e00,tg:mpmak:315_#1,e22_Carrier,1,kenmerken.mpmdragerak,paper (fiber product)
10867b2b-2620-544f-9dfd-72dcec89714d,tg:mpmak:305_#1,e22_Carrier,1,kenmerken.mpmdragerak,paper (fiber product)
ca87a83a-8770-5c82-a03a-ff08a30ccbd6,tg:mpmak:367_#1,e22_Carrier,1,kenmerken.mpmdragerak,paper (fiber product)
d88582ab-86d7-53ca-bca9-98b43eb18696,tg:mpmak:169_#1,e22_Carrier,1,kenmerken.mpmdragerak,paper (fiber product)
92c4f679-4580-5dad-9b98-16bfa55751a9,tg:mpmak:179_#1,e22_Carrier,1,kenmerken.mpmdragerak,paper (fiber product)
e5edfdc6-f837-59b8-ae5d-9a74cd158a78,tg:mpmak:32_#1,e22_Carrier,1,kenmerken.mpmdragerak,paper (fiber product)
871b0596-e485-54a7-828c-feebd16f55fe,tg:mpmak:252_#1,e22_Carrier,1,kenmerken.mpmdragerak,paper (fiber product)
0f1b80af-4758-53b9-82b3-45bfc4dfcc23,tg:mpmak:242_#1,e22_Carrier,1,kenmerken.mpmdragerak,paper (fiber product)
a97d5b42-9dda-5280-b8a9-615d61dd9583,tg:mpmak:134_#1,e22_Carrier,1,kenmerken.mpmdragerak,paper (fiber product)
18993ee2-9ece-589e-906a-04aa21a8830d,tg:mpmak:124_#1,e22_Carrier,1,kenmerken.mpmdragerak,paper (fiber product)
a76991a8-f886-584f-826f-cac0ff7b0ad9,tg:mpmak:393_#1,e22_Carrier,1,kenmerken.mpmdragerak,paper (fiber product)
3e05b042-492e-57e6-aeb7-c58e1e92dab5,tg:mpmak:289_#1,e22_Carrier,1,kenmerken.mpmdragerak,paper (fiber product)
83829db7-f382-5bfc-ae07-872d6befbdd5,tg:mpmak:299_#1,e22_Carrier,1,kenmerken.mpmdragerak,paper (fiber product)
40631c5d-a04e-59d2-b61f-22fb019ae990,tg:mpmak:156_#1,e22_Carrier,1,kenmerken.mpmdragerak,paper (fiber product)
654c8589-79ef-53f2-985c-49f354b11267,tg:mpmak:146_#1,e22_Carrier,1,kenmerken.mpmdragerak,paper (fiber product)
84bc01e3-fb2d-5668-ab1e-403c9b060d6e,tg:mpmak:348_#1,e22_Carrier,1,kenmerken.mpmdragerak,paper (fiber product)
e9962797-f3ef-5a8e-b162-3aa7d7a5e765,tg:mpmak:230_#1,e22_Carrier,1,kenmerken.mpmdragerak,paper (fiber product)
79b0f63e-fc14-5fd9-9e86-463a78a2ecd9,tg:mpmak:358_#1,e22_Carrier,1,kenmerken.mpmdragerak,parchment (animal material)
ab9336dd-4bd6-52e1-9e9d-643b7ef7da6e,tg:mpmak:220_#1,e22_Carrier,1,kenmerken.mpmdragerak,paper (fiber product)
26c164bc-8074-5c54-9161-b39b15214768,tg:mpmak:304_#1,e22_Carrier,1,kenmerken.mpmdragerak,paper (fiber product)
31891276-ead3-5e1c-acde-ff37ea652197,tg:mpmak:314_#1,e22_Carrier,1,kenmerken.mpmdragerak,paper (fiber product)
7a2ea115-c5d5-5fde-a2c8-bbda176c9b77,tg:mpmak:41_#1,e22_Carrier,1,kenmerken.mpmdragerak,paper (fiber product)
1878a40c-8347-59f9-ae6e-f2c72d9265a5,tg:mpmak:51_#1,e22_Carrier,1,kenmerken.mpmdragerak,paper (fiber product)
e11c4f62-8b93-5ef2-9590-4da245d04856,tg:mpmak:23_#1,e22_Carrier,1,kenmerken.mpmdragerak,parchment (animal material)
b593d76a-4f1a-55fc-884a-9c6d0c40d5cb,tg:mpmak:33_#1,e22_Carrier,1,kenmerken.mpmdragerak,paper (fiber product)
2143003b-a6ab-5564-9303-c6bc73254e5b,tg:mpmak:366_#1,e22_Carrier,1,kenmerken.mpmdragerak,parchment (animal material)
c3a50a7a-d472-5122-a276-4e751edbd1d6,tg:mpmak:376_#1,e22_Carrier,1,kenmerken.mpmdragerak,paper (fiber product)
47dcebe3-e891-53b3-ab8e-4279b648e666,tg:mpmak:178_#1,e22_Carrier,1,kenmerken.mpmdragerak,paper (fiber product)
5f0d9f27-d5b8-5950-9b89-3fed3ff8c8bc,tg:mpmak:168_#1,e22_Carrier,1,kenmerken.mpmdragerak,paper (fiber product)
a3bf606a-f6d6-5a95-9f23-029741aa325b,tg:mpmak:392_#1,e22_Carrier,1,kenmerken.mpmdragerak,paper (fiber product)
7fd6d34e-e7ca-5af9-b6e8-7050a57b83ec,tg:mpmak:243_#1,e22_Carrier,1,kenmerken.mpmdragerak,paper (fiber product)
abb62e54-fdf5-534d-ba34-7b91d60bd9ae,tg:mpmak:253_#1,e22_Carrier,1,kenmerken.mpmdragerak,paper (fiber product)
1702f693-329b-5ddd-8ffb-2eae9a53d7fb,tg:mpmak:125_#1,e22_Carrier,1,kenmerken.mpmdragerak,paper (fiber product)
18c64996-47de-5017-8392-2ed4b6da114e,tg:mpmak:135_#1,e22_Carrier,1,kenmerken.mpmdragerak,paper (fiber product)
c44d0e38-5cca-5fd3-a06b-b3bc32f96acf,tg:mpmak:147_#1,e22_Carrier,1,kenmerken.mpmdragerak,paper (fiber product)
8f598545-a7e6-5c02-8f81-ca80eb394082,tg:mpmak:157_#1,e22_Carrier,1,kenmerken.mpmdragerak,paper (fiber product)
fd249251-fc32-5f12-b065-953e5449233e,tg:mpmak:221_#1,e22_Carrier,1,kenmerken.mpmdragerak,paper (fiber product)
b60fbe5d-1b40-5faa-90d7-b9ddd6df73ee,tg:mpmak:359_#1,e22_Carrier,1,kenmerken.mpmdragerak,paper (fiber product)
9136d6d7-eeb4-5bf3-9cf3-2856a33e73de,tg:mpmak:231_#1,e22_Carrier,1,kenmerken.mpmdragerak,paper (fiber product)
dff4328b-a0e1-5206-8e3f-4ed0d756645b,tg:mpmak:349_#1,e22_Carrier,1,kenmerken.mpmdragerak,parchment (animal material)
572b3dd9-e967-5e24-bdef-c79f9d9b5ebe,tg:mpmak:298_#1,e22_Carrier,1,kenmerken.mpmdragerak,paper (fiber product)
c711c0fc-dfdb-5872-a5a5-dc6c5f8d43be,tg:mpmak:288_#1,e22_Carrier,1,kenmerken.mpmdragerak,paper (fiber product)
7909e48a-7568-5f36-92de-9d6d23345f80,tg:mpmak:207_#1,e22_Carrier,1,kenmerken.mpmdragerak,paper (fiber product)
019523a9-06a9-564a-8347-2a531173bad1,tg:mpmak:217_#1,e22_Carrier,1,kenmerken.mpmdragerak,paper (fiber product)
b544166d-1d00-5042-8e73-76d1bb805fb0,tg:mpmak:83_#1,e22_Carrier,1,kenmerken.mpmdragerak,paper (fiber product)
572c08cc-31db-5b60-ab1f-394e9c828cf0,tg:mpmak:93_#1,e22_Carrier,1,kenmerken.mpmdragerak,paper (fiber product)
b7fb6bb2-a017-5cd8-b027-dc8554922ec6,tg:mpmak:161_#1,e22_Carrier,1,kenmerken.mpmdragerak,paper (fiber product)
7e617d62-5f7c-54ee-8969-57ed6b03d059,tg:mpmak:171_#1,e22_Carrier,1,kenmerken.mpmdragerak,paper (fiber product)
276e6e8b-bf0d-5f32-8f25-cc72faa0a4e3,tg:mpmak:103_#1,e22_Carrier,1,kenmerken.mpmdragerak,paper (fiber product)
570b2dd2-9ec9-530b-a65d-cfebb534a6f8,tg:mpmak:113_#1,e22_Carrier,1,kenmerken.mpmdragerak,paper (fiber product)
008bc001-3a4f-5af5-8777-6b29325af7a6,tg:mpmak:265_#1,e22_Carrier,1,kenmerken.mpmdragerak,paper (fiber product)
544d6a75-2f02-508e-8ae7-ff8b047517f4,tg:mpmak:275_#1,e22_Carrier,1,kenmerken.mpmdragerak,paper (fiber product)
3b5a5141-0225-5bcc-81db-4e5b02245fab,tg:mpmak:58_#1,e22_Carrier,1,kenmerken.mpmdragerak,paper (fiber product)
867d4eee-9ebd-56a0-b7a0-4d2dfaae9f88,tg:mpmak:48_#1,e22_Carrier,1,kenmerken.mpmdragerak,paper (fiber product)
da941fbe-e601-5a6b-8239-c9ae242a5a38,tg:mpmak:238_#1,e22_Carrier,1,kenmerken.mpmdragerak,paper (fiber product)
dbb80e09-8b4e-59e3-bc8a-5565e463768e,tg:mpmak:340_#1,e22_Carrier,1,kenmerken.mpmdragerak,paper (fiber product)
422bbb5a-6381-5f5f-b2b1-2c82c20a761a,tg:mpmak:228_#1,e22_Carrier,1,kenmerken.mpmdragerak,paper (fiber product)
0f80059a-7e89-5553-81b2-508e58120d54,tg:mpmak:350_#1,e22_Carrier,1,kenmerken.mpmdragerak,paper (fiber product)
705f8fe3-1434-5888-a45b-8d96e9b89dcc,tg:mpmak:281_#1,e22_Carrier,1,kenmerken.mpmdragerak,paper (fiber product)
30b9c5a1-92bc-5cbc-8f98-20012f15047b,tg:mpmak:291_#1,e22_Carrier,1,kenmerken.mpmdragerak,paper (fiber product)
5c2c5705-888b-5cff-a773-56eb7a775ed9,tg:mpmak:15_#1,e22_Carrier,1,kenmerken.mpmdragerak,paper (fiber product)
ef9e660c-fa0c-5dee-9e34-f0458da3d26a,tg:mpmak:185_#1,e22_Carrier,1,kenmerken.mpmdragerak,paper (fiber product)
1d3c4103-fd6f-5346-8d3d-a1de7b6672b4,tg:mpmak:195_#1,e22_Carrier,1,kenmerken.mpmdragerak,paper (fiber product)
3dfad73e-d1c0-5bf4-9a2a-bf7101b13147,tg:mpmak:67_#1,e22_Carrier,1,kenmerken.mpmdragerak,paper (fiber product)
ca9d9183-749b-5860-8a8e-576a2f887b00,tg:mpmak:77_#1,e22_Carrier,1,kenmerken.mpmdragerak,parchment (animal material)
4a55182b-95fa-53d9-be66-57c7c64887e9,tg:mpmak:322_#1,e22_Carrier,1,kenmerken.mpmdragerak,paper (fiber product)
cb0459e5-abcd-5835-8d17-9d942c310e2d,tg:mpmak:332_#1,e22_Carrier,1,kenmerken.mpmdragerak,paper (fiber product)
18c12a0f-45e4-59c1-9186-41830430a775,tg:mpmak:345_#1,e22_Carrier,1,kenmerken.mpmdragerak,paper (fiber product)
38a55398-dc0c-5e23-b205-2051cebe2b50,tg:mpmak:294_#1,e22_Carrier,1,kenmerken.mpmdragerak,paper (fiber product)
00612947-6e3a-5036-afb2-efbd313cb40b,tg:mpmak:284_#1,e22_Carrier,1,kenmerken.mpmdragerak,paper (fiber product)
9456d1be-913b-5314-8e44-736459dc62b0,tg:mpmak:72_#1,e22_Carrier,1,kenmerken.mpmdragerak,paper (fiber product)
6fe5c4c9-8cfa-5b5e-8e01-0366f4130f28,tg:mpmak:62_#1,e22_Carrier,1,kenmerken.mpmdragerak,paper (fiber product)
3951bf88-af22-5c6f-8826-de4f4e4b3660,tg:mpmak:190_#1,e22_Carrier,1,kenmerken.mpmdragerak,paper (fiber product)
e8574f7c-1efd-541c-af77-44890d0a6592,tg:mpmak:180_#1,e22_Carrier,1,kenmerken.mpmdragerak,paper (fiber product)
9628635c-57b7-5805-8098-4de35f3c1e51,tg:mpmak:129_#1,e22_Carrier,1,kenmerken.mpmdragerak,paper (fiber product)
a260aeca-52cf-58eb-9e38-4afb2afb29fe,tg:mpmak:139_#1,e22_Carrier,1,kenmerken.mpmdragerak,paper (fiber product)
7421d70e-d1bc-58e6-8037-2679f4473e2b,tg:mpmak:337_#1,e22_Carrier,1,kenmerken.mpmdragerak,paper (fiber product)
4cf26af8-03f4-5612-821e-cfd4e4cb0a54,tg:mpmak:327_#1,e22_Carrier,1,kenmerken.mpmdragerak,paper (fiber product)
f330e6bc-a608-5237-ae6c-5e6f05a45818,tg:mpmak:174_#1,e22_Carrier,1,kenmerken.mpmdragerak,paper (fiber product)
56306f10-3e75-5f1e-ac0b-fa25a7f5df34,tg:mpmak:164_#1,e22_Carrier,1,kenmerken.mpmdragerak,paper (fiber product)
963c3dad-9e9a-5ef8-98bb-a9e37a209719,tg:mpmak:212_#1,e22_Carrier,1,kenmerken.mpmdragerak,paper (fiber product)
79c4661f-be6b-53cc-b89f-581e59ed621e,tg:mpmak:202_#1,e22_Carrier,1,kenmerken.mpmdragerak,paper (fiber product)
7bb17456-d953-5d77-9a7f-ce54473e0a36,tg:mpmak:96_#1,e22_Carrier,1,kenmerken.mpmdragerak,paper (fiber product)
12be8bcd-0dfe-521c-9c62-6534fb5672b3,tg:mpmak:86_#1,e22_Carrier,1,kenmerken.mpmdragerak,paper (fiber product)
a8db93cd-2c1a-5f59-b88b-3fe614f32733,tg:mpmak:270_#1,e22_Carrier,1,kenmerken.mpmdragerak,paper (fiber product)
8b70470e-5a66-559a-98d1-54f92d08f846,tg:mpmak:308_#1,e22_Carrier,1,kenmerken.mpmdragerak,paper (fiber product)
74aa7004-4862-5cb1-b8d3-80bf45f3508d,tg:mpmak:260_#1,e22_Carrier,1,kenmerken.mpmdragerak,paper (fiber product)
3d3e14a7-d8b7-5536-b372-042d9ba32226,tg:mpmak:318_#1,e22_Carrier,1,kenmerken.mpmdragerak,paper (fiber product)
253e0f60-1795-594e-965f-7cc0d289384c,tg:mpmak:116_#1,e22_Carrier,1,kenmerken.mpmdragerak,paper (fiber product)
12a5afd6-2229-524e-a240-ab9e84df5173,tg:mpmak:106_#1,e22_Carrier,1,kenmerken.mpmdragerak,paper (fiber product)
c870831d-d552-5798-b671-d5412ebb31f3,tg:mpmak:397_#1,e22_Carrier,1,kenmerken.mpmdragerak,paper (fiber product)
44df6c14-ae47-546a-b526-d564dc94929d,tg:mpmak:387_#1,e22_Carrier,1,kenmerken.mpmdragerak,parchment (animal material)
c0b2988f-79d5-53ce-8832-0564f64ba096,tg:mpmak:189_#1,e22_Carrier,1,kenmerken.mpmdragerak,paper (fiber product)
0de8137d-2aa6-51c4-9f8e-132d817241a0,tg:mpmak:199_#1,e22_Carrier,1,kenmerken.mpmdragerak,paper (fiber product)
2c6861a8-0bd4-5b6b-aa38-6c878bd8f321,tg:mpmak:130_#1,e22_Carrier,1,kenmerken.mpmdragerak,paper (fiber product)
46702cd3-edbb-5776-93ef-f1d13e051049,tg:mpmak:120_#1,e22_Carrier,1,kenmerken.mpmdragerak,paper (fiber product)
8da1b298-8409-5530-a0d7-e3aae58137c8,tg:mpmak:256_#1,e22_Carrier,1,kenmerken.mpmdragerak,paper (fiber product)
bb960b5b-0a9b-5990-991b-5b4d531aaa78,tg:mpmak:246_#1,e22_Carrier,1,kenmerken.mpmdragerak,paper (fiber product)
4930bf9e-3853-5345-a9d7-b702ed23bf51,tg:mpmak:234_#1,e22_Carrier,1,kenmerken.mpmdragerak,paper (fiber product)
faf96d43-89fb-5d18-9beb-e6886158127f,tg:mpmak:224_#1,e22_Carrier,1,kenmerken.mpmdragerak,paper (fiber product)
68558e2d-35d8-5622-9185-672a4b6c5b90,tg:mpmak:152_#1,e22_Carrier,1,kenmerken.mpmdragerak,paper (fiber product)
266cc4f0-3b80-5e5d-8502-ca7a22bd30c4,tg:mpmak:142_#1,e22_Carrier,1,kenmerken.mpmdragerak,paper (fiber product)
04a3becf-7aac-5cc7-833b-c9fb6bf5b039,tg:mpmak:19_#1,e22_Carrier,1,kenmerken.mpmdragerak,paper (fiber product)
ed85de1d-ee93-5d9a-9597-566ddaef05f3,tg:mpmak:269_#1,e22_Carrier,1,kenmerken.mpmdragerak,paper (fiber product)
b2e1aff3-87f7-56c8-9fc6-7f70d5ee6ff9,tg:mpmak:311_#1,e22_Carrier,1,kenmerken.mpmdragerak,paper (fiber product)
4cd74500-ff41-5353-8f6a-8fc7a1d319da,tg:mpmak:279_#1,e22_Carrier,1,kenmerken.mpmdragerak,paper (fiber product)
8ffdd022-dbf8-547e-b660-afb0aa0aa8bd,tg:mpmak:301_#1,e22_Carrier,1,kenmerken.mpmdragerak,paper (fiber product)
8682d179-3202-5a47-872b-b24baab092b7,tg:mpmak:54_#1,e22_Carrier,1,kenmerken.mpmdragerak,paper (fiber product)
a196c3a7-5fb7-558a-848c-ed8e948b872f,tg:mpmak:44_#1,e22_Carrier,1,kenmerken.mpmdragerak,paper (fiber product)
c2672e72-7b4f-5889-8eec-b1be030311f4,tg:mpmak:26_#1,e22_Carrier,1,kenmerken.mpmdragerak,paper (fiber product)
28bff54b-f9d9-5235-b530-e8eaf3b26170,tg:mpmak:373_#1,e22_Carrier,1,kenmerken.mpmdragerak,paper (fiber product)
b7a6ea3f-7956-5e8c-85b4-e8eff14a563b,tg:mpmak:363_#1,e22_Carrier,1,kenmerken.mpmdragerak,paper (fiber product)
685bbe3e-2de1-53cc-bf76-f4761da9ca43,tg:mpmak:121_#1,e22_Carrier,1,kenmerken.mpmdragerak,paper (fiber product)
9984db22-8790-5f57-b7bd-e21ecbebaeee,tg:mpmak:131_#1,e22_Carrier,1,kenmerken.mpmdragerak,paper (fiber product)
9bb86da1-69a0-5c41-a1a4-a9485c19b283,tg:mpmak:247_#1,e22_Carrier,1,kenmerken.mpmdragerak,paper (fiber product)
52a9e739-8fff-5397-89de-1fc445f6f426,tg:mpmak:257_#1,e22_Carrier,1,kenmerken.mpmdragerak,paper (fiber product)
89bc5050-4bb3-50ea-ad18-74ba2a9a2aa3,tg:mpmak:402_#1,e22_Carrier,1,kenmerken.mpmdragerak,paper (fiber product)
0e53cc8e-13b8-5371-a0d9-8befe9016ec8,tg:mpmak:386_#1,e22_Carrier,1,kenmerken.mpmdragerak,parchment (animal material)
9acd3b9b-0a96-5d36-a1bf-abe80df72d79,tg:mpmak:396_#1,e22_Carrier,1,kenmerken.mpmdragerak,paper (fiber product)
c0cbe6d6-42a3-5b74-9d04-aa7566f1ab85,tg:mpmak:198_#1,e22_Carrier,1,kenmerken.mpmdragerak,paper (fiber product)
ceeb5500-a605-5be7-b2a3-91b8a4abb7c0,tg:mpmak:188_#1,e22_Carrier,1,kenmerken.mpmdragerak,paper (fiber product)
3281f105-f172-53ff-ab68-53f7946a8eed,tg:mpmak:18_#1,e22_Carrier,1,kenmerken.mpmdragerak,paper (fiber product)
df9dee91-4993-5724-b038-84538d43873e,tg:mpmak:225_#1,e22_Carrier,1,kenmerken.mpmdragerak,paper (fiber product)
4fab796a-7666-5a78-8fd3-10ff8669c740,tg:mpmak:235_#1,e22_Carrier,1,kenmerken.mpmdragerak,paper (fiber product)
0ce1fdab-2466-50d5-88d5-a95f99815115,tg:mpmak:143_#1,e22_Carrier,1,kenmerken.mpmdragerak,paper (fiber product)
93bc78b9-484c-507b-bf84-7f879dae585b,tg:mpmak:153_#1,e22_Carrier,1,kenmerken.mpmdragerak,paper (fiber product)
8e8d8a11-427e-57f0-893b-54b2af734920,tg:mpmak:45_#1,e22_Carrier,1,kenmerken.mpmdragerak,paper (fiber product)
21e44173-4186-5b48-afe8-50385fe8589e,tg:mpmak:55_#1,e22_Carrier,1,kenmerken.mpmdragerak,paper (fiber product)
671a3879-e409-51e1-9b41-b26b4678dce9,tg:mpmak:300_#1,e22_Carrier,1,kenmerken.mpmdragerak,paper (fiber product)
de06c57b-29a0-5ab8-b7df-4725f9c4cbe7,tg:mpmak:278_#1,e22_Carrier,1,kenmerken.mpmdragerak,paper (fiber product)
5c846bdf-e3c9-5ac5-afcc-fddea51f1634,tg:mpmak:310_#1,e22_Carrier,1,kenmerken.mpmdragerak,paper (fiber product)
c58ae1ce-bb71-55fe-a166-c11c8bf0e995,tg:mpmak:268_#1,e22_Carrier,1,kenmerken.mpmdragerak,paper (fiber product)
109c461d-7b01-5392-acee-fb9510441949,tg:mpmak:362_#1,e22_Carrier,1,kenmerken.mpmdragerak,paper (fiber product)
133c98e3-cc23-5f82-b7d1-b2448cfcdf32,tg:mpmak:372_#1,e22_Carrier,1,kenmerken.mpmdragerak,paper (fiber product)
34cc5c79-3fe3-514c-8f4a-b288def9cac2,tg:mpmak:27_#1,e22_Carrier,1,kenmerken.mpmdragerak,paper (fiber product)
707ea572-4bc9-5b35-ae31-5ba068ac0927,tg:mpmak:37_#1,e22_Carrier,1,kenmerken.mpmdragerak,paper (fiber product)
e222d747-7b4d-503b-83c6-a0e3c4c85521,tg:mpmak:11_#1,e22_Carrier,1,kenmerken.mpmdragerak,parchment (animal material)
2193a27f-18b0-5373-9ea2-2af1be7f9861,tg:mpmak:285_#1,e22_Carrier,1,kenmerken.mpmdragerak,paper (fiber product)
e65a1b2d-ba8f-5ae6-ba9e-5d0c11337130,tg:mpmak:295_#1,e22_Carrier,1,kenmerken.mpmdragerak,paper (fiber product)
97accc3e-72b4-5b09-acbf-ea204bc288c0,tg:mpmak:344_#1,e22_Carrier,1,kenmerken.mpmdragerak,paper (fiber product)
73c0964e-33cc-52cc-8437-81fd95fc66e9,tg:mpmak:354_#1,e22_Carrier,1,kenmerken.mpmdragerak,paper (fiber product)
76ad65c2-262d-57f4-a523-f2be91119286,tg:mpmak:138_#1,e22_Carrier,1,kenmerken.mpmdragerak,paper (fiber product)
62ab9159-d72d-596f-9f1d-a165339e4ff8,tg:mpmak:128_#1,e22_Carrier,1,kenmerken.mpmdragerak,paper (fiber product)
89c0035f-d72f-580b-9ad3-9e93e1fd9d4a,tg:mpmak:326_#1,e22_Carrier,1,kenmerken.mpmdragerak,paper (fiber product)
aa6c39e8-467e-55e2-838e-e13167045f73,tg:mpmak:336_#1,e22_Carrier,1,kenmerken.mpmdragerak,paper (fiber product)
6ccac10f-6a2c-5524-ae12-a6b4a90535dd,tg:mpmak:63_#1,e22_Carrier,1,kenmerken.mpmdragerak,paper (fiber product)
d4b2e5c0-2495-5cc0-ae8d-382531dc6632,tg:mpmak:73_#1,e22_Carrier,1,kenmerken.mpmdragerak,paper (fiber product)
2eab851f-7131-5d92-b960-94f62ed3c13f,tg:mpmak:181_#1,e22_Carrier,1,kenmerken.mpmdragerak,paper (fiber product)
1e2001a7-5c30-5233-9f4c-880d8d801c43,tg:mpmak:191_#1,e22_Carrier,1,kenmerken.mpmdragerak,paper (fiber product)
bb6c1595-5f4d-5cff-af51-4ac86faf57b1,tg:mpmak:165_#1,e22_Carrier,1,kenmerken.mpmdragerak,paper (fiber product)
ab628cbc-9d8d-564c-9fce-115453cc632b,tg:mpmak:175_#1,e22_Carrier,1,kenmerken.mpmdragerak,paper (fiber product)
03b63f6d-afcd-5666-979a-c9ddc4dcca5e,tg:mpmak:87_#1,e22_Carrier,1,kenmerken.mpmdragerak,paper (fiber product)
5b88e20b-99fd-5bdd-8046-b2f09999f029,tg:mpmak:97_#1,e22_Carrier,1,kenmerken.mpmdragerak,paper (fiber product)
f34565c7-c853-5a74-a4be-6a55c08fd6d2,tg:mpmak:203_#1,e22_Carrier,1,kenmerken.mpmdragerak,paper (fiber product)
f1c250d9-595d-553f-aff6-84edc6171d84,tg:mpmak:213_#1,e22_Carrier,1,kenmerken.mpmdragerak,paper (fiber product)
b79237e6-8021-5e31-b138-1ae47707d33b,tg:mpmak:319_#1,e22_Carrier,1,kenmerken.mpmdragerak,paper (fiber product)
6f8b7861-c09f-5647-b08c-d1032814fd72,tg:mpmak:261_#1,e22_Carrier,1,kenmerken.mpmdragerak,paper (fiber product)
46a7a249-3c89-5e66-9481-4e0f04feb7e8,tg:mpmak:309_#1,e22_Carrier,1,kenmerken.mpmdragerak,parchment (animal material)
048a9a60-9621-5e49-9122-830b7fb334af,tg:mpmak:271_#1,e22_Carrier,1,kenmerken.mpmdragerak,paper (fiber product)
850079ae-2285-5a6e-960b-61e71b651f47,tg:mpmak:107_#1,e22_Carrier,1,kenmerken.mpmdragerak,paper (fiber product)
beb8115b-7b12-50cb-996d-d344a4648cdd,tg:mpmak:151_#1,e22_Carrier,1,kenmerken.mpmdragerak,paper (fiber product)
c5d3fb3e-d3fc-5127-a95b-166cedc20099,tg:mpmak:141_#1,e22_Carrier,1,kenmerken.mpmdragerak,paper (fiber product)
253cb279-445d-5c23-9801-15b6292673da,tg:mpmak:237_#1,e22_Carrier,1,kenmerken.mpmdragerak,paper (fiber product)
f3f64202-2954-5a74-85a1-2f4b08a09641,tg:mpmak:227_#1,e22_Carrier,1,kenmerken.mpmdragerak,paper (fiber product)
3a5ce54b-56b7-59b0-a127-0a797748ef93,tg:mpmak:400_#1,e22_Carrier,1,kenmerken.mpmdragerak,paper (fiber product)
bdfb05c4-7c78-527f-a6a2-f3c3432640a3,tg:mpmak:255_#1,e22_Carrier,1,kenmerken.mpmdragerak,paper (fiber product)
b8c2bab5-4120-5edb-b5e2-5a2062986d99,tg:mpmak:245_#1,e22_Carrier,1,kenmerken.mpmdragerak,paper (fiber product)
4c6198ea-8fcf-5f25-9b6c-e791dc761143,tg:mpmak:133_#1,e22_Carrier,1,kenmerken.mpmdragerak,paper (fiber product)
970a8988-d256-5b87-8bf3-3a32e32bfbc1,tg:mpmak:123_#1,e22_Carrier,1,kenmerken.mpmdragerak,paper (fiber product)
004183dd-13d7-5fad-84cc-df01f4a1d581,tg:mpmak:68_#1,e22_Carrier,1,kenmerken.mpmdragerak,paper (fiber product)
16cb86d7-293b-51dd-a3c8-1df185cad76c,tg:mpmak:78_#1,e22_Carrier,1,kenmerken.mpmdragerak,paper (fiber product)
aa5bead6-bba7-5ce1-a473-6cf1aca3bf7a,tg:mpmak:394_#1,e22_Carrier,1,kenmerken.mpmdragerak,paper (fiber product)
e471890b-c8a3-5b18-aeb6-88aa506738d8,tg:mpmak:384_#1,e22_Carrier,1,kenmerken.mpmdragerak,parchment (animal material)
23283e6b-d0a0-5924-8a5e-60924496cd1b,tg:mpmak:370_#1,e22_Carrier,1,kenmerken.mpmdragerak,paper (fiber product)
c65c28fc-519a-5279-bd63-958d415e13c0,tg:mpmak:208_#1,e22_Carrier,1,kenmerken.mpmdragerak,paper (fiber product)
3e69f89a-4230-505d-837e-b5138c4b9b4c,tg:mpmak:360_#1,e22_Carrier,1,kenmerken.mpmdragerak,paper (fiber product)
ec6f47c8-58ef-567c-9a45-286103265797,tg:mpmak:218_#1,e22_Carrier,1,kenmerken.mpmdragerak,paper (fiber product)
9668a7cd-2dd7-5cfb-b121-885a6ffd7bfc,tg:mpmak:35_#1,e22_Carrier,1,kenmerken.mpmdragerak,paper (fiber product)
4027e1d4-bf77-5fc9-89ef-2aeea0ebe49e,tg:mpmak:25_#1,e22_Carrier,1,kenmerken.mpmdragerak,paper (fiber product)
c6f618d9-2b92-5621-8e07-2ae2868d4b17,tg:mpmak:57_#1,e22_Carrier,1,kenmerken.mpmdragerak,paper (fiber product)
32123580-713f-59ec-8752-4f501358f5ae,tg:mpmak:47_#1,e22_Carrier,1,kenmerken.mpmdragerak,paper (fiber product)
6c636d50-117d-56df-9db2-e14f96640ee3,tg:mpmak:312_#1,e22_Carrier,1,kenmerken.mpmdragerak,paper (fiber product)
f95dce2e-4aa0-5e0f-8528-8fa51fd3c26e,tg:mpmak:302_#1,e22_Carrier,1,kenmerken.mpmdragerak,paper (fiber product)
64ffdd27-853b-5de6-94c5-853b5d11b5de,tg:mpmak:334_#1,e22_Carrier,1,kenmerken.mpmdragerak,paper (fiber product)
7d808d90-c84f-5b9e-abfa-5e681a14b30d,tg:mpmak:324_#1,e22_Carrier,1,kenmerken.mpmdragerak,paper (fiber product)
db150edd-7a91-5e4d-88b0-f23c6d1ad660,tg:mpmak:193_#1,e22_Carrier,1,kenmerken.mpmdragerak,paper (fiber product)
24aac70c-0030-5350-b57e-6570197021cc,tg:mpmak:183_#1,e22_Carrier,1,kenmerken.mpmdragerak,paper (fiber product)
6ff97be0-6022-5375-ac41-e9e062d6de40,tg:mpmak:61_#1,e22_Carrier,1,kenmerken.mpmdragerak,paper (fiber product)
cda43eef-17e5-512b-9e45-2aaaf1092b82,tg:mpmak:297_#1,e22_Carrier,1,kenmerken.mpmdragerak,paper (fiber product)
b5d4c80a-8948-5321-84dc-9e9af61b5194,tg:mpmak:287_#1,e22_Carrier,1,kenmerken.mpmdragerak,paper (fiber product)
eb7dab11-9c6c-5946-81f9-d132eb73943a,tg:mpmak:13_#1,e22_Carrier,1,kenmerken.mpmdragerak,parchment (animal material)
95847168-f33d-59f3-85e3-fcac3e9ef679,tg:mpmak:148_#1,e22_Carrier,1,kenmerken.mpmdragerak,paper (fiber product)
add3c58c-6357-5849-86dd-fed2c92405ac,tg:mpmak:158_#1,e22_Carrier,1,kenmerken.mpmdragerak,paper (fiber product)
eac91ad2-8328-58c1-8304-fd24f860c515,tg:mpmak:356_#1,e22_Carrier,1,kenmerken.mpmdragerak,paper (fiber product)
e56b0944-7eeb-5462-bec6-298066437794,tg:mpmak:346_#1,e22_Carrier,1,kenmerken.mpmdragerak,paper (fiber product)
8ed98b63-2bf5-5ccd-a32a-6b7c36922038,tg:mpmak:115_#1,e22_Carrier,1,kenmerken.mpmdragerak,paper (fiber product)
f411b324-5abc-568a-9b26-de3e9e6f4b40,tg:mpmak:273_#1,e22_Carrier,1,kenmerken.mpmdragerak,paper (fiber product)
f0ba9d33-2fef-5d65-a596-01e73339c603,tg:mpmak:263_#1,e22_Carrier,1,kenmerken.mpmdragerak,paper (fiber product)
b476619d-e1ed-5b58-b92a-15e13bb26af5,tg:mpmak:369_#1,e22_Carrier,1,kenmerken.mpmdragerak,paper (fiber product)
545da8ba-8604-5047-a1cf-095b7114337e,tg:mpmak:211_#1,e22_Carrier,1,kenmerken.mpmdragerak,paper (fiber product)
416fe5e0-1b6a-5b57-b3b9-f39bd8409395,tg:mpmak:379_#1,e22_Carrier,1,kenmerken.mpmdragerak,parchment (animal material)
3650ec6f-968c-5c81-80a7-859cee278662,tg:mpmak:201_#1,e22_Carrier,1,kenmerken.mpmdragerak,paper (fiber product)
c787936e-3841-55c6-8778-401cb4a4fffa,tg:mpmak:95_#1,e22_Carrier,1,kenmerken.mpmdragerak,paper (fiber product)
e2dad391-1ae9-5004-9eee-c00dbd214fc4,tg:mpmak:85_#1,e22_Carrier,1,kenmerken.mpmdragerak,paper (fiber product)
1b8749df-764e-5cf8-a616-f747db61a572,tg:mpmak:177_#1,e22_Carrier,1,kenmerken.mpmdragerak,paper (fiber product)
bb0a0f02-5680-5b97-8fbf-41fbd02cdcb5,tg:mpmak:167_#1,e22_Carrier,1,kenmerken.mpmdragerak,paper (fiber product)
505f1e07-a82a-537f-9575-68ef3aab9d34,tg:mpmak:182_#1,e22_Carrier,1,kenmerken.mpmdragerak,paper (fiber product)
ceff5cf9-7b6f-5746-af0c-c3fe33328dd0,tg:mpmak:192_#1,e22_Carrier,1,kenmerken.mpmdragerak,paper (fiber product)
4a028761-ecca-54a1-891b-e4627cdb8c45,tg:mpmak:60_#1,e22_Carrier,1,kenmerken.mpmdragerak,paper (fiber product)
209a354a-f195-5af0-9e8e-909c502cae4e,tg:mpmak:70_#1,e22_Carrier,1,kenmerken.mpmdragerak,paper (fiber product)
f1027b6a-95f5-51e7-8409-ca70365507e4,tg:mpmak:325_#1,e22_Carrier,1,kenmerken.mpmdragerak,paper (fiber product)
1e1ba06d-2609-5439-941a-5758c34c71f9,tg:mpmak:335_#1,e22_Carrier,1,kenmerken.mpmdragerak,paper (fiber product)
f1c9d31e-e6e6-5226-b971-a46b735f03a7,tg:mpmak:159_#1,e22_Carrier,1,kenmerken.mpmdragerak,paper (fiber product)
7d7fb528-5ad6-5491-8b12-3dba507a8d91,tg:mpmak:149_#1,e22_Carrier,1,kenmerken.mpmdragerak,paper (fiber product)
a0cae8a4-905c-5b1b-8e44-28bc78533e8e,tg:mpmak:347_#1,e22_Carrier,1,kenmerken.mpmdragerak,paper (fiber product)
c95b0379-9a9a-51bf-9d7f-2f021cbaf6c1,tg:mpmak:357_#1,e22_Carrier,1,kenmerken.mpmdragerak,paper (fiber product)
97a3b4ab-88c8-5587-86f4-d29b9ba0961b,tg:mpmak:12_#1,e22_Carrier,1,kenmerken.mpmdragerak,parchment (animal material)
eb8d74e2-714f-5ade-a128-92935aded0f0,tg:mpmak:286_#1,e22_Carrier,1,kenmerken.mpmdragerak,paper (fiber product)
85230c79-e76f-5d49-81f0-2635dfeec6b2,tg:mpmak:296_#1,e22_Carrier,1,kenmerken.mpmdragerak,paper (fiber product)
a0d34a10-930e-53f8-923c-17ff4ee68fda,tg:mpmak:104_#1,e22_Carrier,1,kenmerken.mpmdragerak,paper (fiber product)
bacbf18a-4e5b-589b-92d7-d4bbd5b44d83,tg:mpmak:114_#1,e22_Carrier,1,kenmerken.mpmdragerak,paper (fiber product)
c96c3bed-800c-5d3c-87ef-070a5e7e6462,tg:mpmak:262_#1,e22_Carrier,1,kenmerken.mpmdragerak,paper (fiber product)
f7193b5e-50e3-5228-b967-4a41ab968ad6,tg:mpmak:272_#1,e22_Carrier,1,kenmerken.mpmdragerak,paper (fiber product)
1da2acb2-c5d2-5105-9887-37003f003f6b,tg:mpmak:84_#1,e22_Carrier,1,kenmerken.mpmdragerak,paper (fiber product)
b3146562-5e95-5dd4-a24e-4374aaea6806,tg:mpmak:94_#1,e22_Carrier,1,kenmerken.mpmdragerak,paper (fiber product)
0182ba0e-8e40-5275-adb7-f85e91c6c8cb,tg:mpmak:200_#1,e22_Carrier,1,kenmerken.mpmdragerak,paper (fiber product)
1c45e7e4-6c92-5b5c-884f-fb667a475bee,tg:mpmak:378_#1,e22_Carrier,1,kenmerken.mpmdragerak,parchment (animal material)
9003e295-e4c7-558c-93bb-5bca57fd7099,tg:mpmak:210_#1,e22_Carrier,1,kenmerken.mpmdragerak,paper (fiber product)
9c9550a5-327b-5969-8e25-6dabc47ce642,tg:mpmak:368_#1,e22_Carrier,1,kenmerken.mpmdragerak,paper (fiber product)
460e28e6-7f34-5c31-8913-ccde46fb765b,tg:mpmak:166_#1,e22_Carrier,1,kenmerken.mpmdragerak,paper (fiber product)
c893647e-4e2c-5381-9961-6e1fbadf3cf3,tg:mpmak:176_#1,e22_Carrier,1,kenmerken.mpmdragerak,paper (fiber product)
1bf3697c-12b3-53ad-81ae-4b5bda5a0f19,tg:mpmak:140_#1,e22_Carrier,1,kenmerken.mpmdragerak,paper (fiber product)
ba5c39f9-3f9e-5b59-95e5-83574a04b796,tg:mpmak:150_#1,e22_Carrier,1,kenmerken.mpmdragerak,paper (fiber product)
665b99ff-8975-5ebe-889d-de58898272cd,tg:mpmak:226_#1,e22_Carrier,1,kenmerken.mpmdragerak,paper (fiber product)
50aadae1-2997-5fd2-a950-b76279e54c95,tg:mpmak:236_#1,e22_Carrier,1,kenmerken.mpmdragerak,paper (fiber product)
9491c420-970c-58e2-bd71-fac6875e0c46,tg:mpmak:385_#1,e22_Carrier,1,kenmerken.mpmdragerak,parchment (animal material)
91a4aa36-3b9b-50b4-bcff-021973903c5e,tg:mpmak:395_#1,e22_Carrier,1,kenmerken.mpmdragerak,paper (fiber product)
daeaeaef-4d8f-58c1-8542-0cbc613e5e2b,tg:mpmak:69_#1,e22_Carrier,1,kenmerken.mpmdragerak,paper (fiber product)
a6d65a31-196e-527c-8316-fa9f1d0f2af5,tg:mpmak:244_#1,e22_Carrier,1,kenmerken.mpmdragerak,paper (fiber product)
3720bba3-033e-5f5d-9cd5-4e95ff06c03b,tg:mpmak:254_#1,e22_Carrier,1,kenmerken.mpmdragerak,paper (fiber product)
0a1ec5ff-c38a-550c-bff9-526384892bda,tg:mpmak:401_#1,e22_Carrier,1,kenmerken.mpmdragerak,paper (fiber product)
5122cf9d-c101-559f-bef6-8fbe2f84ae2d,tg:mpmak:122_#1,e22_Carrier,1,kenmerken.mpmdragerak,paper (fiber product)
ec61191b-447e-51d9-802b-79b23bafd26d,tg:mpmak:132_#1,e22_Carrier,1,kenmerken.mpmdragerak,paper (fiber product)
a6e29862-be47-5804-9a46-93f0d841a9f0,tg:mpmak:24_#1,e22_Carrier,1,kenmerken.mpmdragerak,paper (fiber product)
87cef17f-db75-5ca4-8221-db5eb3580906,tg:mpmak:34_#1,e22_Carrier,1,kenmerken.mpmdragerak,paper (fiber product)
4ecb7591-7037-5356-95a1-e7dba392ae64,tg:mpmak:361_#1,e22_Carrier,1,kenmerken.mpmdragerak,paper (fiber product)
72feaa36-fec4-5030-867e-b5bb937a26e5,tg:mpmak:209_#1,e22_Carrier,1,kenmerken.mpmdragerak,paper (fiber product)
88b878f8-6318-5999-a0dc-98b5b7071e1d,tg:mpmak:371_#1,e22_Carrier,1,kenmerken.mpmdragerak,paper (fiber product)
414a5f5c-1969-5824-b7f4-5178af71405f,tg:mpmak:303_#1,e22_Carrier,1,kenmerken.mpmdragerak,paper (fiber product)
b89b413b-5274-5ef2-b1b6-4dc94856fa89,tg:mpmak:313_#1,e22_Carrier,1,kenmerken.mpmdragerak,paper (fiber product)
ef8e7aa0-28d7-5541-b310-64172de4e84f,tg:mpmak:46_#1,e22_Carrier,1,kenmerken.mpmdragerak,paper (fiber product)
b00843e5-9cf6-53fe-bfdf-2462e495b50e,tg:mpmak:56_#1,e22_Carrier,1,kenmerken.mpmdragerak,paper (fiber product)
